ResponseId,a_fiscal_year,a_jurisdiction,a_service,qww01,qww02,qww03,qww04,qww05,qww06,qww07,qww08,qww09,qww10,qww11,qww12,qww13,qww14,qww15,qww16,qww17,qww18,qww19,qww20,qww21,qww22,qww23,qww24,qww25,qww26,qww27,qww28,qww29,qww30,qww31,qww32,qww33,qww34,qww35,qww36,qww37,qww38,qww39,qww40,qww41,qww42,qww43,qws01,qws02,qws03,qws04,qws05,qws06,qws07,qws08,qws09,qws10,qws11,qws12,qws13,qws14,qws15,qws16,qws17,qws18,qws19,qws20,qws21,qws22,qws23,qws24,qws25,qws26,qws27,qws28,qws29,qws30,qws31,qws32,qws33,qws34,qws35,qws36,qws37,qws38,qws39,qws40,qws41,qws42,qws43,qws44,qws45,qws46
R_3nqIoVkfoBTUvc1,2024,Woodfin Water and Sewer Sanitary District,Water Utility,,,,,,,,,,,,,,,,,,,,,,,,,,,,,,,,,,,,,,,,,,,,250,140,0,0,0,0,0,240,140,0,0,0,0,388,2,0,1,1,,,,,,,,,,,,,0,110,,3900,300,,16,0,10,3,3,2374000,2449000,,900000,2075000
R_3I73pcJlEMJ45zL,2023,Lattimore,Wastewater Service,118,4,,,,,0,7,,,,,,,0,0,,,0,,,,0,0,0,0,0,0,0,,,,,,,,,,,0,0,,,,,,,,,,,,,,,,,,,,,,,,,,,,,,,,,,,,,,,,,,,,,,,,
R_3kIMgfrbJYoqOAx,2023,McDowell County,Water Utility,,,,,,,,,,,,,,,,,,,,,,,,,,,,,,,,,,,,,,,,,,,,0,0,0,0,0,0,0,0,0.8,0,0,0,0,19.3,0,0,0,0,0,0,0,0,0.08,0,0,0,0,0,0,0,0,15,0,367,6,4,0,0,0,0,0,20000,5000,0,80000,117000
R_2eVnct7zXWmsXh7,2024,Gamewell,Wastewater Service,180,6,,,,,,1,8.16,0.14,,,,,,,,,,,,,,,,,,,,,,,,0,0,0,0,0,,107060,89972,,74318,,,,,,,,,,,,,,,,,,,,,,,,,,,,,,,,,,,,,,,,,,,,,,
R_7ayIadv5PXCz8Wl,2024,Holly Springs,Water Utility,,,,,,,,,,,,,,,,,,,,,,,,,,,,,,,,,,,,,,,,,,,,0,0,0,0,0,0,0,0,3.66,0,0,0,0,3.58,0,0,1,0,22897,41,,,,,,9.14,,,,,1,244.7,2,16409,970,572,4,1,13.5,2,20.5,13398632,13521936,178256500,1784766,3455170
R_8CZBqDPjKxopTj0,2024,Holly Springs,Wastewater Service,15072,801,6,2.65,2.83,0,1,23,225.5,29.6,820,820,99.98,100,8500,0,6.49,0.33,2,90,,,0,2,0,0,0,0,0,0.34,0,5967971,119,5.5,1,12,2,20.5,214381500,9948580,9843100,2347629,3455169,,,,,,,,,,,,,,,,,,,,,,,,,,,,,,,,,,,,,,,,,,,,,,
R_7lc3ruZrNDvauUj,2023,Holly Springs,Water Utility,,,,,,,,,,,,,,,,,,,,,,,,,,,,,,,,,,,,,,,,,,,,,3.41,0,0,0,0,0,0,3.41,,0.4,0,0,2.99,,,1,0,22015,47,,,4,,,8.83,,,,,,230.05,11,15899,1625,,,,,,13,,,,1639852.34,3082277.92
R_7JfnTpdGm1ljPcF,2024,Anson County,Wastewater Service,200,,3.5,,,0,1,9,,,165,,95,93,,,39,,3,60,,,1,3,0,1,,,,,,,,,,,,,,,,,,,,,,,,,,,,,,,,,,,,,,,,,,,,,,,,,,,,,,,,,,,,,,,
R_5Pb0rPnIBKmIoMr,2024,Maxton,Wastewater Service,1058,120,0.6,0.25,,0,1,11,27,3,,,,,0,0,,,0,,,,0,0,0,0,,,,0,,,,3,0,3,1,3,,,,,,,,,,,,,,,,,,,,,,,,,,,,,,,,,,,,,,,,,,,,,,,,,,,
R_5rIE9YJseIDiE0h,2024,Maxton,Water Utility,,,,,,,,,,,,,,,,,,,,,,,,,,,,,,,,,,,,,,,,,,,,0,0,0,0,0.3,0,0,0.26,0.01,0,0,0,0,0.19,,2,1,0,,7,,,0.51,,0.06,7.15,,,,,1,30,28,1058,120,,3,0,3,1,1.5,,,,,
R_5EgnUPZ7EKBTUIK,2024,Williamston,Wastewater Service,1807,309,2,257600000,601329.47,0,1,13,58,7,97.5,97.5,99.85,99,0,0,15.94,4.14,0,,,,0,0,0,0,0,0,0,0,0,1606556,0,3,0,4,0,5,188287,1610000,1744588.46,468190.54,1317689.81,,,,,,,,,,,,,,,,,,,,,,,,,,,,,,,,,,,,,,,,,,,,,,
R_7fkmX1DEsdyEo6Y,2024,Wilkesboro,Wastewater Service,1301,538,4.9,4.09,1.53,0,1,,,,807.92,0,93.74,94.5,,,33.8,14.9,,,,,,,0,,,,,0,,,0,,0,10,2,,60000000,5631160,30375,746900,154000,,,,,,,,,,,,,,,,,,,,,,,,,,,,,,,,,,,,,,,,,,,,,,
R_7YUMnyOTpEZ03AZ,2024,Oriental,Water Utility,,,,,,,,,,,,,,,,,,,,,,,,,,,,,,,,,,,,,,,,,,,,0,0,0,0,0,0,0,0.15,0,0,0,0,0,0.08,0.44,0,0,1,98792,45,0,0,5.74,0,0.01,7.97,24,0,0,0,2,13,1,773,58,1107,6,0,2,1.5,2,343650,372650,17000,64294,216965
R_1YhM056myVQSGxS,2024,Lenoir,Water Utility,,,,,,,,,,,,,,,,,,,,,,,,,,,,,,,,,,,,,,,,,,,,6.24,0,0,0,0,0,0,6.04,0,2.35,0,0,0,2866721,12,2,6,1,6648010,49,0.05,0.21,1.9,0.79,0.03,7.4,21,0,0,0,0,219,325,10229,1072,325,12,0,20,3,35,7279610,7453017,52307900,1788109,2306519
R_6U6ua93MDKnYdnX,2024,Lenoir,Wastewater Service,8208,1093,8,4,1.6,0,2,16,221,6,1420,1027,98.3,95.8,4500,38.9,0,0,2,240,2,60,2,0,21,0,3700,3700,2209323,0,0,2356733,305,8,0,18,1,27,21903250,3387370,3426275,1334082,2214615,,,,,,,,,,,,,,,,,,,,,,,,,,,,,,,,,,,,,,,,,,,,,,
R_6QzVZoeFoEY8LT0,2024,Nags Head,Water Utility,,,,,,,,,,,,,,,,,,,,,,,,,,,,,,,,,,,,,,,,,,,,0,0,0,0,0,0,0,0,1.13,0,0,0,0,1.13,,0,2,0,,,,,2.02,,,,,,,,0,104,,4656,385,,,,,,,,,,,
R_6MJpW1U38mhLBTi,2024,Raleigh,Water Utility,,,,,,,,,,,,,,,,,,,,,,,,,,,,,,,,,,,,,,,,,,,,4158.42,17815.72,0,0,0,0,0,21681.18,0,0,0,0,0,19524,106,2,23,2,47937816.71,37,0.04,0.14,3.84,0.91,0.05,8.89,1.76,2.75,4.7,0.1,0,2477.94,234,192720,19090,493,,22,89,17,273,122657561,132196209,408740000,31743448,38377389
R_7tViKvSQxx7r3UZ,2024,Raleigh,Wastewater Service,183449,15521,80.5,50.7,18524,0,3,128,2509,135,23137,23137,100,1,90719,0,8.57,4.48,54,48,,,0,12,0,0,8991,53511,78497819,0.81,0,47052319.46,992,124,23,116,63,216,458410000,155860156,169467815,28679667,38839905,,,,,,,,,,,,,,,,,,,,,,,,,,,,,,,,,,,,,,,,,,,,,,
R_1lfzlzLpQpSo4TV,2024,Southern Pines,Water Utility,,,,,,,,,,,,,,,,,,,,,,,,,,,,,,,,,,,,,,,,,,,,3.58,0,0,0,0,0.01,0,3.4,0.01,1.26,0,0,0,2.12,8,3,2,1,2068512,7.6,0.07,0.12,3.9,1,0.06,8.6,20.8,3.9,1.3,0,0,260,100,10500,1181,1037,0,2.5,9,4.5,16,6282045,6667652,26876050,766503,2803431
R_7ruXHwnxH07kLBz,2024,Shelby,Wastewater Service,8554,209,6,1286.47,82.97,0,1,22,229,23,516,545,95.9,96.9,1139754,0,16.7,3.7,18,,,,0,0,0,0,0,2367,,0,0,1779975,147,8,0,9,0,2,6360500,6801769,6834235,1722026,1617823,,,,,,,,,,,,,,,,,,,,,,,,,,,,,,,,,,,,,,,,,,,,,,
R_3fHuRZVdPoYidvP,2024,Shelby,Water Utility,,,,,,,,,,,,,,,,,,,,,,,,,,,,,,,,,,,,,,,,,,,,2034.31,0,0,0,0,0,0,2007.97,0,134.03,0,0,0,1680,12,2,2,1,211888,44,0.04,0.33,2.26,1.13,0,7.9,40,2.4,1.3,0.39,0,220,24,9030,1612,406,2,4,17,2,8,6474000,6348683,5318600,1439215,1989398
R_6JxfBZiun2adzBe,2024,Statesville,Water Utility,,,,,,,,,,,,,,,,,,,,,,,,,,,,,,,,,,,,,,,,,,,,3.7,,,,,,,3.37,,0.14,,,,2.87,15,2,,1,6693,0.05,0.01,0.04,2.19,0.9,0.07,8.4,1.2,1.3,1.3,0.18,0,284,42,10730,1968,804,9,1,8,1,4,6145500,6101417,40233000,1271258,474732
R_3IeOLMpsqjR7OLL,2024,Concord,Wastewater Service,39248,2218,,,8.34,9.26,,23,605.75,13.94,,,,,1323,,,,2,71,0,,0,,,,25238,0,1150528,,,220254,145,27.52,0.99,1,3.49,33,3927000,21692728.4,19780563.98,2860745.47,11763340.7,,,,,,,,,,,,,,,,,,,,,,,,,,,,,,,,,,,,,,,,,,,,,,
R_31bz9LU6CEmZMDu,2024,Concord,Water Utility,,,,,,,,,,,,,,,,,,,,,,,,,,,,,,,,,,,,,,,,,,,,3.45,7.29,0,0,0,0,0,10.22,4.54,0,0,0,0,12.17,24,3,5,2,8707714,98.9,0.06,0.26,2.26,0.93,0.05,8.8,54,,,,0,780.94,1012,42559,3506,3596,31,1,32.54,7.76,72.3,31250337.34,29434246.75,27770000,5812102.24,13531490.49
R_77jRfRWOKyrVPah,2024,Brunswick County,Water Utility,,,,,,,,,,,,,,,,,,,,,,,,,,,,,,,,,,,,,,,,,,,,0,13.62,0,0,2.65,0,13.62,16.28,0,3.02,4.02,0,0,13.48,30,0,9,2,14393245,54,0.52,4.3,3.4,1.8,0.43,8.9,219,8.32,15.9,0.82,2,1265,1982,74788,2903,11865,45,8,9,9,23,37632331,46143974,266179514,2123000,5280000
R_2uD9cG0ORvyhvHM,2023,Canton,Wastewater Service,2174,2427,1,1618.53,0.39,1,1,15,36,4.5,0,0,91.68,97.82,0,0,28.9,0,3,60,3,30,5,0,0,0,0,0,0,0,0,207932,10,7,0,7,1,7,42312572,1010000,961068.63,0,492480.38,,,,,,,,,,,,,,,,,,,,,,,,,,,,,,,,,,,,,,,,,,,,,,
R_5gZ7n551G42WErJ,2024,Salisbury,Wastewater Service,17090,2361,12.5,7.3,5.01,0,2,34,424,30.6,9133,9133,97.8,97.5,28967,0,12.1,3.1,8,,,,1,8,1,0,17997,0,1550000,0,0,,116,12.5,2,26.5,3,44,55500000,15233989,14903776,3661460,7853684,,,,,,,,,,,,,,,,,,,,,,,,,,,,,,,,,,,,,,,,,,,,,,
R_3StHAFVMHpsEywF,2024,Salisbury,Water Utility,,,,,,,,,,,,,,,,,,,,,,,,,,,,,,,,,,,,,,,,,,,,9.8,0,0,0,0,0,0,8.8,0,,0,0,0,,24.99,1,7,1,,69.8,0.05,0.1,2.43,0.81,0.1,7.6,32,0,0,0,0,454,123,20500,3330,533,17.5,2,20.5,3,43,14037124,15417650,77651000,3075550,7097606
R_3b3tFjS9ccrSfrn,2024,Carolina Beach,Water Utility,,,,,,,,,,,,,,,,,,,,,,,,,,,,,,,,,,,,,,,,,,,,0,0,0,0,1.2,0,0,0.98,0,0,0,0,0,0.78,2.9,7,6,2,,0.54,,,3.6,0,0,7.87,17,0,0,,0,34,,5270,174,,2,0,8,2,,2943000,3060704,33334530,,
R_6uxr3fAr6beS7Gn,2024,Fayetteville Public Works Commission,Wastewater Service,86758,6602,46,8750,17.04,0,2,68,1321.77,57.54,3651,3651,99,99,63452,0,58.5,396.24,71,120,0,0,0,14,0,0,64408,0,4141602.2,0,24.9,21993958,564,52,19,33,5,114,481399000,70692783,1125722,20696199,16365323,,,,,,,,,,,,,,,,,,,,,,,,,,,,,,,,,,,,,,,,,,,,,,
R_3HRZ2Mi2dLoHfgE,2024,Fayetteville Public Works Commission,Water Utility,,,,,,,,,,,,,,,,,,,,,,,,,,,,,,,,,,,,,,,,,,,,29.68,0,0,0,0,0,0,10830.07,0,3.62,0,0,0,22.82,50,4,6,2,18365977,23,0.05,0.25,3.62,0.68,0.06,8,3.1,8.05,19.7,1.95,0,1432,100,91595,8711,329,52,19,32,3,114,61565628,3093471,432747000,20696199,12656716
R_306JCefmsJ48l6N,2024,Greensboro,Water Utility,,,,,,,,,,,,,,,,,,,,,,,,,,,,,,,,,,,,,,,,,,,,25.59,9.54,0,0,0,0,0,25.59,9.54,0.07,0,0,0,29.74,60.3,3,10,2,,48.5,0.08,0.5,2.4,0.89,1.19,7.7,64,6.2,41,0.2,0,1552.5,413,99565,9738,758,95,13,49.5,19.5,177,69820519,71273454,590320781,15755439,21213897
R_1EgaJY1dEEnivig,2024,Greensboro,Wastewater Service,99565,9665,56,33.93,25.68,0.62,1,53,1471.87,75.8,21803,0,99.8,97.9,214605,0,8.43,1.19,36,52,,,0,50,0,0,12671,0,3560206.33,0,0,,465,93.5,13,54,19.5,180,341568522,73745586,74018313,15882702,26648815,,,,,,,,,,,,,,,,,,,,,,,,,,,,,,,,,,,,,,,,,,,,,,
R_5YrWuXgQfAVEfyn,2024,Conover,Wastewater Service,3517,532,2.5,1.4,1.2,0.69,1,6,122,6.55,284,284,97.53,99.17,4710,0,9.19,0.63,4,30,,,13,,0,13,0,0,0,0,0,1024211,17,3,0,7,2,9,9819500,2350061,2410857,543674,1260775,,,,,,,,,,,,,,,,,,,,,,,,,,,,,,,,,,,,,,,,,,,,,,
R_6qBanidpConemlz,2024,Wilson,Water Utility,,,,,,,,,,,,,,,,,,,,,,,,,,,,,,,,,,,,,,,,,,,,8.61,0,0,0,0,0,0,6.56,0,0.79,0,0,0,5.72,22,3,5,2,3919477,87,0.08,0.27,2.38,0.95,0.12,7.8,1.75,0,0,0,0,410.6,532,21273,2286,1450,21,0,20,2,43,15627580,15777290,55225000,3266726,7210251
R_3KV3b1QckhhYroF,2023,Hot Springs,Wastewater Service,208,80,0.09,,,,2,4,,,,,,,,,,,,,,,,,,,,,,,,,,,,,,,,,,,,,,,,,,,,,,,,,,,,,,,,,,,,,,,,,,,,,,,,,,,,,,,,,
R_3Fhc0ImegBJH43O,2024,Wilson,Wastewater Service,19057,1773,14,7.49,4,0,1,21,333,29,2802.33,2802.33,99.77,99.96,97990,0,4.36,0.31,15,20,14,20,0,1,0,0,0,5989,0,0.28,0,9051066,481,28,0,31,2,59,79759870,15209000,14827125,4671595,5634311,,,,,,,,,,,,,,,,,,,,,,,,,,,,,,,,,,,,,,,,,,,,,,
R_1rDFFZq6HGEjT1x,2024,Rocky Mount,Water Utility,,,,,,,,,,,,,,,,,,,,,,,,,,,,,,,,,,,,,,,,,,,,9.27,0,0,0,0,0,0,8.69,0,1.92,0,0,0,7.56,26,2,2,2,4593000,46,0.14,0.29,4,1.1,0,7.8,4,,,,,506.7,151,21851,2364,326,18,2,15,4,14,12800000,12612312,7063000,3396329,8711452
R_6rdHxyfBwbWau49,2023,Sanford,Water Utility,,,,,,,,,,,,,,,,,,,,,,,,,,,,,,,,,,,,,,,,,,,,2870000000,,,,,,,2795400000,,,0.01,,,4.87,12,1,3,1,7482410,74.33,0.06,0.17,3.75,0.7,0.02,8.6,3.5,9.9,15,0.3,0,612.12,105,18602,1947,1129,11,4,32,1,11,15905406,16695142.84,,,
R_12zb0XyErqCxgVk,2023,Sanford,Wastewater Service,9798,1396,12,3.77,,0,1,13,23.4,44.56,995,0,98,98,,,7.6,3.74,13,30,,,0,,0,0,,150,,0.01,0.01,4207301,338,,4,10,1,,,10276749,10164642,1009830,2180791,,,,,,,,,,,,,,,,,,,,,,,,,,,,,,,,,,,,,,,,,,,,,,
R_7Jts4pUdZEkmyrQ,2023,Hot Springs,Water Utility,,,,,,,,,,,,,,,,,,,,,,,,,,,,,,,,,,,,,,,,,,,,0,0,0,0,56.57,0,0,56.57,0,0,0,0,0,47.11,0.7,0,0,,,0.02,,,2,0.23,0.04,7.3,,,,,1,12.5,23,271,99,,,,,,,,,,,
R_5ur1FF1q9jiGmJ3,2024,Rocky Mount,Wastewater Service,20428,1935,21,10.21,5.85,0,1,33,413.7,23.07,1278,1278,99,98,362500,0,11.8,2.5,8,30,,,0,8,0,0,7030,0,375346,0,0,13563191,176,12,1,24,2,12,3420000,14900,15209498,3400100,8287860,,,,,,,,,,,,,,,,,,,,,,,,,,,,,,,,,,,,,,,,,,,,,,
R_7pgydYNMhmrha7f,2024,Washington County,Water Utility,,,,,,,,,,,,,,,,,,,,,,,,,,,,,,,,,,,,,,,,,,,,0,0,0,0,0.45,0,0,0.45,0,0.23,0,0,0,0.23,0.75,3,3,1,,7,,,1.67,0.54,0,7.7,165,,,,0,147,2,2600,54,1075,3,0,3,2,8,1880228,1526368.5,0,405555.22,1125361.67
R_6rSuY9qn8K4JrGc,2024,Dobson,Wastewater Service,440,151,0.35,0.2,0.21,,1,11,16,10,,,,,,,,,,,,,,,,,,,,,,,,0.5,,4.5,1,6,,583121.81,583121.81,274426.94,427386.72,,,,,,,,,,,,,,,,,,,,,,,,,,,,,,,,,,,,,,,,,,,,,,
R_3CqrZH2eCaFgFm4,2024,Dobson,Water Utility,,,,,,,,,,,,,,,,,,,,,,,,,,,,,,,,,,,,,,,,,,,,0,0.75,0,,,,,0.75,0.2,0,0,0,0,0.95,1.5,1,2,1,,0.03,0.04,0.23,2.29,0.82,0.06,8,,,,,0,49,4,835,2015,,3,,4.5,1,8.5,1438054,1423074,,587646.1,949099.38
R_3TtOhhUTeds5CvO,2024,Whiteville,Wastewater Service,1611,669,3,3.82,3.39,0,1,11,78,24,80.6,0,97,94,0,,,,0,60,,,1,,,,,,,0,0,,,,,,,5,,,,,438000,,,,,,,,,,,,,,,,,,,,,,,,,,,,,,,,,,,,,,,,,,,,,,
R_1C8UG67QRMPDZIC,2024,Whiteville,Water Utility,,,,,,,,,,,,,,,,,,,,,,,,,,,,,,,,,,,,,,,,,,,,,,,,,,,,,,,,,,,,,,,83.5,0,0,1.3,0,0,7.7,,,,,1,,133,1611,669,,,,,,5,,,,,520000
R_3rUNxa0VN938xJV,2024,Gastonia,Wastewater Service,29669,2417,26,9.9,9.28,0,3,40,628.3,38.7,2227,2083,98.6,99.5,213140,0,13.6,0.96,12,120,0,,0,12,0,0,2386,0,272124,0,0,19722997,698,27,0,47,4,78,18185628,25175325.37,46000000,6519861.87,5915337.23,,,,,,,,,,,,,,,,,,,,,,,,,,,,,,,,,,,,,,,,,,,,,,
R_5fvAtnTmQbVxFWp,2024,Conover,Water Utility,,,,,,,,,,,,,,,,,,,,,,,,,,,,,,,,,,,,,,,,,,,,0,1.87,0,0,0,0,0,0,1.87,0.35,0,0,0,1.2,3,0,0,0,13875,62,0.03,0.06,1.93,,0.8,7.5,15.9,0,0,0,0,165,10,5576,634,3321,8,0,8,8,6210,3333750,3301981,4484500,793280,1044949
R_6FqSh9pQqtbJ3pi,2024,Gastonia,Water Utility,,,,,,,,,,,,,,,,,,,,,,,,,,,,,,,,,,,,,,,,,,,,19.33,0,0,0,0,0,0,14.21,0,2.05,0,0,0,9.4,27.3,2,3,3,14916959,42.5,0.02,0.17,2,0.09,0.08,7.54,1.23,,,,,680,351,31363,3304,4305,14,0,26,3,43,20428727.95,,5744500,3906851.42,4235393.76
R_6MQkNkt5VR71JTK,2024,Brunswick County,Wastewater Service,26824,2000,13.56,817,8.1,0,6,197,221.1,284.8,529.98,450.03,98.89,99.18,112600,0,809.3,19.1,11,120,0,0,7,4,0,15,0,24000,2400000,4.36,0,47040000,3,22,5,28,9,5,446792779,24760108,33120133,5830433,7979946,,,,,,,,,,,,,,,,,,,,,,,,,,,,,,,,,,,,,,,,,,,,,,
R_5go8Ip8tYOoGC6z,2024,Goldsboro,Wastewater Service,11627,139,14.2,3108.61,3.86,,1,26,270,17,,,98.5,98.8,450,0,4.31,0.24,1,30,,,0,0,0,0,,,,13.72,,,0,3,1,12,4,2.25,,11400000,10935892,1491568,1925742,,,,,,,,,,,,,,,,,,,,,,,,,,,,,,,,,,,,,,,,,,,,,,
R_3Db5cinJPH5Zatr,2024,Goldsboro,Water Utility,,,,,,,,,,,,,,,,,,,,,,,,,,,,,,,,,,,,,,,,,,,,5.92,0,0,0,0,0,0,6.02,0,0.42,0,0,0,4.23,14,1,0,1,,0.05,0.1,0.35,3.42,0.91,0.05,7.79,44,5.4,6.3,0,0,220,15,13642,6,150,9,1,5,1,2,9300000,9150206,,868930,1796168
R_5EvqLGOEYYhjAth,2024,Asheville,Water Utility,,,,,,,,,,,,,,,,,,,,,,,,,,,,,,,,,,,,,,,,,,,,23.88,0,0,0,0,0,0,23.4,0,,0,0,0,16,43.5,,42,3,,56,0.04,0.26,2.05,0.72,0.13,9.2,0.53,,,,0,1710,784,56605,4703,42018,174.38,8,48.88,39.5,78,44005580,42984116,7088000,15212237,14480533
R_7G3BXYNKBz6HVDa,2024,Statesville,Wastewater Service,11182,1514,12,4.94,2.45,0,2,19,272,20.6,637,637,99,99,0,0,17.08,13.6,4,30,1,30,7,0,0,1,18000,0,2213744,0,0,14129.37,0,6,0,18,1,4,19459650,10691118,9521448,2137145,4757044,,,,,,,,,,,,,,,,,,,,,,,,,,,,,,,,,,,,,,,,,,,,,,
R_1EobArbUiOyWYr8,2024,High Point,Water Utility,,,,,,,,,,,,,,,,,,,,,,,,,,,,,,,,,,,,,,,,,,,,11.65,0,0,0,0,0,0,10.59,2.9,0.32,,,,9.95,24,2,3,0,,,,,,,,,,,,,2,,,45145,4884,,31.8,2.5,11.1,8.67,3.2,25252425,22590985,4887500,5193068,7756105
R_5PuIR67vDeMpBrI,2024,High Point,Wastewater Service,39275,3481,36,16.84,8.28,0,2,23,677,20.28,,,,,89599,,,,20,,,,4,,,,,,1484406,,,,,25.9,2.5,36.2,12.8,13.8,6110750,41783993,34098810,7426924,9954278,,,,,,,,,,,,,,,,,,,,,,,,,,,,,,,,,,,,,,,,,,,,,,
R_7Vsgd1PsXo4ZasH,2024,Hickory,Wastewater Service,17467,2654,16.5,5.92,5.5,0.15,3,83,495,56,3513,3186,98,98,22025,0,53.7,5,24,90,,,2,10,0,1,0,4743,604000,0,5.92,,,,,,,,675900,10012027.3,9019497.8,3817928.8,4563042.5,,,,,,,,,,,,,,,,,,,,,,,,,,,,,,,,,,,,,,,,,,,,,,
R_6gUwMsc6frbVmHx,2024,Hickory,Water Utility,,,,,,,,,,,,,,,,,,,,,,,,,,,,,,,,,,,,,,,,,,,,13.36,0,0,0,0,0,0,12.95,0.07,5.92,0,0,0,11.71,32,1,10,1,11644063,70,0.02,0.06,1.71,1.09,0.04,8.1,1.1,4,4,0,0,982,322,35274,3691,1933,,,,,,11692059.7,10353761.2,1390400,3993195.2,4988798.5
R_5W0V2GVgD6zyjxD,2024,Apex,Wastewater Service,25005,3233,9.72,5.01,4.26,0.03,2,33,300.78,37.8,231,231,99.23,99.41,0,0,7.62,3.3,0,0,0,0,0,0,0,0,2070,2215,2050360,0,0,4604516,0,12,3.55,31.71,9.7,44.96,56848500,13847800,15290879.39,4460954.23,6421837.51,,,,,,,,,,,,,,,,,,,,,,,,,,,,,,,,,,,,,,,,,,,,,,
R_7i3TrAwpnlRxr8x,2024,Apex,Water Utility,,,,,,,,,,,,,,,,,,,,,,,,,,,,,,,,,,,,,,,,,,,,6.13,0,0,0,0,0,0,5.32,0,0.01,0,0,0,4.36,56,1,0,1,23740,0.04,0.06,0.09,3.66,0.89,0.16,8.87,2.18,24,26,,0,356,12,25702,3509,31,19.26,3.55,7.25,8.7,38.76,9998400,9875015.1,24664500,3611507.64,4315115.94
R_7KJyZMT19fqraS5,2023,Rockingham County,Water Utility,,,,,,,,,,,,,,,,,,,,,,,,,,,,,,,,,,,,,,,,,,,,,76.22,,,,,,,76.22,,,,,45.52,,,,,,,,,,,,,,,,,,60,2,833,50,150,,,,,,1600000,1800000,10,50,1.5
R_6GV0MENTSTYTv8b,2023,Mayodan,Wastewater Service,1414,196,4.5,0.77,,0,1,3,20.6,3.5,39,39,95,87,9600,,,2.07,6,30,,,0,2,,,0,500,65000,0,0,1309068.6,0,7,,2,1,,14880000,1401000,1314952,678350,653947,,,,,,,,,,,,,,,,,,,,,,,,,,,,,,,,,,,,,,,,,,,,,,
R_5eW1KcidRRDXKVe,2024,Winston-Salem,Wastewater Service,104897,10130,51,34.56,25,,2,45,1807,44,8138,1690,97,95,315968,,19.9,2.84,63,46.95,,,3,17,0,2,31545,21030,29614813.3,0,0,36662626,1,68.5,3.5,83,18.6,173.6,215550000,63418500,68647630,11665159,19033785,,,,,,,,,,,,,,,,,,,,,,,,,,,,,,,,,,,,,,,,,,,,,,
R_5FQ7XuQSFS7SoOt,2024,Winston-Salem,Water Utility,,,,,,,,,,,,,,,,,,,,,,,,,,,,,,,,,,,,,,,,,,,,38.39,0,0,0,0,0,0,37.01,0,0.38,0,0,0,31.39,91,2,7,3,34653366,26.5,0.05,0.29,1.94,0.98,0.02,7.9,1.58,0,0,0,0,2346,647,126632,10234,1485,57,3.5,100.5,18.6,179.6,65334000,63411758,104050000,11414294.72,13276506.33
R_62qYCxVyj339UyJ,2024,Charlotte,Water Utility,,,,,,,,,,,,,,,,,,,,,,,,,,,,,,,,,,,,,,,,,,,,44185,0,0,0,0,0,0,117.4,0,0.31,0,0,0,96.2,230,2,4,3,68168939,53.6,0.06,0.19,1.84,0.08,0.04,,4.5,1.7,,,0,4610,2920,287719,41752,,99,68,183,53.5,91.5,218764279,229244226,812883941,49633076,43792417
R_7PsLePhb7Kt5FrU,2024,Charlotte,Wastewater Service,271713,13129,123.1,86.1,84.04,4.99,6,74,4448.87,78.87,20562,14078,99,99,160224,0,39,8,162,28,,,1,76,0,0,57556,26298,29000000,0,0,93849884,,183,68,159,53.5,91.5,1436988802,334162527,351799610,54346119,69080021,,,,,,,,,,,,,,,,,,,,,,,,,,,,,,,,,,,,,,,,,,,,,,
R_52cn6caWX6pgKlb,2024,Shallotte,Wastewater Service,2117,412,1,,0.5,0.5,0,34,20,59,,,,,,,,,14870,10,,,,2,0,0,1000,0,747566,,,,339,8,,,1,,30906546,4095810,3405809,813309,1632304,,,,,,,,,,,,,,,,,,,,,,,,,,,,,,,,,,,,,,,,,,,,,,
R_5Yoa51WSPsXnoL0,2023,Washington,Water Utility,,,,,,,,,,,,,,,,,,,,,,,,,,,,,,,,,,,,,,,,,,,,,,,,,,,,,,,,,,,,,,,,,,,,,,,,,,,,,,,,,,,,,,,,,
R_6kHPqbzwXiBQfug,2024,Lattimore,Wastewater Service,120,3,,,,,0,7,,,,,,,,,,,0,,0,,0,0,0,0,,,,,,,,,,,,,,,,,,,,,,,,,,,,,,,,,,,,,,,,,,,,,,,,,,,,,,,,,,,,,,,
R_5nf80Fbl7eBuSI6,2023,Beaufort,Wastewater Service,3771,332,1.5,0.762,0.407,0,1,26,35.7,23.6,68,68,98.5,99,,,,,0,30,,,1,0,0,1,,,,,,,,,,,,8,,,,851004,684540,,,,,,,,,,,,,,,,,,,,,,,,,,,,,,,,,,,,,,,,,,,,,,
R_6D1yaPEQ3E1FqLk,2020,Goldsboro,Wastewater Service,11388,4,14.01,8.87,,,,,227,17,1180,1180,,,,,,,,,,,0,5,,,,,,,,,,,,,,30,,,,2062091,2706497,,,,,,,,,,,,,,,,,,,,,,,,,,,,,,,,,,,,,,,,,,,,,,
R_01CdBPn6Q9qE8kK,2020,Wilson,Water Utility,,,,,,,,,,,,,,,,,,,,,,,,,,,,,,,,,,,,,,,,,,,,,,,,,,,6.55,,,,,,5.54,22,,,,,,0.03,,,,,,,,,,0,401.34,537,19722,2029,,,,,,39,,,,2794866.46,4220939.59
R_0jGWRYc10DqJp8W,2022,Greensboro,Water Utility,,,,,,,,,,,,,,,,,,,,,,,,,,,,,,,,,,,,,,,,,,,,,,,,,,,24.39,,,,,,28.04,60.3,,,,,,0.07,,,,,,,,,,0,1524,385,99023,9648,,,,,,178,,,,12672864,16410318
R_0keMCOY4G3trN6m,2023,Charlotte,Water Utility,,,,,,,,,,,,,,,,,,,,,,,,,,,,,,,,,,,,,,,,,,,,119.16,0,0,0,0,0,0,116,0,,0,0,0,94.53,230,8760,6,3,74574470,55.4,0.04,0.27,1.83,0.84,0.06,9.34,35,1.9,3.6,,0,4570,2977,285854,39688,,,,,,479,,,,,
R_1RJsTDVV2vyhfqC,2023,Concord,Wastewater Service,38552,2197,,,8.15,8.7,,23,597.75,12.5,,,,,,,,,3,62,0,,,0,,,,,,,,208133,,,,,,31.8,,,,3582199.97,8141439.28,,,,,,,,,,,,,,,,,,,,,,,,,,,,,,,,,,,,,,,,,,,,,,
R_1zX2ii9q2vhx1Qy,2022,Wilson,Water Utility,,,,,,,,,,,,,,,,,,,,,,,,,,,,,,,,,,,,,,,,,,,,,,,,,,,6.72,,,,,,5.82,22,,,,,,0.06,,,,,,,,,,0,403.51,590,19964,2054,,,,,,39,,,,3030271.79,4291058.63
R_232WRgVAUEclNPM,2023,Brevard,Wastewater Service,,,2.5,,,,1,16,55,5,550000,,93,95,,,,,1,30,1,30,1,0,0,1,,,,0.001,1.73,1483273,,,,,,8,,,,784900,1409200,,,,,,,,,,,,,,,,,,,,,,,,,,,,,,,,,,,,,,,,,,,,,,
R_2bp7KDqpWNtyu9w,2021,Wilson,Water Utility,,,,,,,,,,,,,,,,,,,,,,,,,,,,,,,,,,,,,,,,,,,,,,,,,,,6.51,,,,,,5.49,22,,,,,,0.03,,,,,,,,,,0,403.44,523,19848,2060,,,,,,39,,,,3014342.51,4106261.56
R_3WLUvuUSReGEzwW,2023,Durham,Wastewater Service,90694,8697,40,19.32,21.15,0,2,64,1163.5,52.3,,,99,99,,,,,46,,,,0,,0,0,,,,0,0,21450425,,,,,,193,,,,,14476849.4,,,,,,,,,,,,,,,,,,,,,,,,,,,,,,,,,,,,,,,,,,,,,,
R_56dmE0MClh5qURg,2021,Apex,Wastewater Service,21036,1106,9.72,4.74,,,,,273.4,37.9,293,293,,,,,,,,,,,0,0,,,,,,,,,,,,,,19.87,,,,1910868,1974276,,,,,,,,,,,,,,,,,,,,,,,,,,,,,,,,,,,,,,,,,,,,,,
R_5oqxffpIEGuYr0W,2021,Hickory,Wastewater Service,14871,2547,16.5,6.25,,,,,501,43,2420,2420,,,,,,,,,,,4,8,,,,,,,,,,,,,,63.5,,,,3089416.2,4718187,,,,,,,,,,,,,,,,,,,,,,,,,,,,,,,,,,,,,,,,,,,,,,
R_5pv2N296sxtJAr4,2023,Angier,Wastewater Service,3511,307,1.008,,,0.717,1,12,32,13,,,,,,,,,,,,,,,,,,,,,,,,,,,,12,,,,,,,,,,,,,,,,,,,,,,,,,,,,,,,,,,,,,,,,,,,,,,,,,,,
R_6fzkt81trJ4jOOW,2023,Beech Mountain,Wastewater Service,1800,64,0.48,0.226,0.161,0,2,5,60,1,15,0,0,0,,,,,0,0,0,0,0,0,0,0,,,,0,0,,,,,,,2,,,,141698,350172,,,,,,,,,,,,,,,,,,,,,,,,,,,,,,,,,,,,,,,,,,,,,,
R_6szpmIhqZA8nhj0,2023,Franklin County,Water Utility,,,,,,,,,,,,,,,,,,,,,,,,,,,,,,,,,,,,,,,,,,,,0.37,2.685,0,0,0,0,0,0.37,2.685,,0,0,0,2.889,5.1,2781,0,1,,0.071,0.105,0.24,1.73,,,,,,,,0,224,,8800,700,,,,,,22.5,,,,2621886,10626686
R_6uvV0saLlfrRLjE,2022,Concord,Wastewater Service,38025,2169,,,,,,,590.7,12.51,,,,,,,,,,,,,,0,,,,,,,,,,,,,,31.8,,,,2408642,7922965.01,,,,,,,,,,,,,,,,,,,,,,,,,,,,,,,,,,,,,,,,,,,,,,
R_74hkMOfCaXLXRGK,2022,Charlotte,Water Utility,,,,,,,,,,,,,,,,,,,,,,,,,,,,,,,,,,,,,,,,,,,,,,,,,,,117.54,,,,,,92.6,174,,,,,,0.03,,,,,,,,,,0,4525,3205,274450,36091,,,,,,493.5,,,,38721303.69,32401318.59
R_7O4g6xBgsm7UKYS,2023,Ayden,Wastewater Service,2246,97,3.5,0.432,0.302,0.432,1,16,47,8,,,,,,,,,0,120,,,0,0,0,,,,,,,75585,,,,,,6,,,,,4200000,,,,,,,,,,,,,,,,,,,,,,,,,,,,,,,,,,,,,,,,,,,,,,
R_7R7uJUHiG0kKNlY,2021,Raleigh,Water Utility,,,,,,,,,,,,,,,,,,,,,,,,,,,,,,,,,,,,,,,,,,,,,,,,,,,52.27,,,,,,46.52,106,,,,,,0.03,,,,,,,,,,0,2335,471,180822,16898,,,,,,291,,,,20104673,24434984
R_9v3Sa1RwjcYP3AW,2020,Asheville,Water Utility,,,,,,,,,,,,,,,,,,,,,,,,,,,,,,,,,,,,,,,,,,,,22.24,0,0,0,0,0,0,20.38,0,,0,0,0,15,44,87.3,41,3,,65,0.03,0.23,1.99,0.89,0.1,9.4,0.56,,,,0,1710,,50895,7314,,,,,,,,,,,
R_abXIo3wUQvKLniC,2022,Raleigh,Wastewater Service,173722,15288,80,48.94,,,,,2471,134,19899,19899,,,,,,,,,,,0,35,,,,,,,,,,,,,,259,,,,18007518,25516363,,,,,,,,,,,,,,,,,,,,,,,,,,,,,,,,,,,,,,,,,,,,,,
R_bOscEYUT4XiSu5E,2022,Asheville,Water Utility,,,,,,,,,,,,,,,,,,,,,,,,,,,,,,,,,,,,,,,,,,,,22.95,0,0,0,0,0,0,22.29,0,,0,0,0,15,44,82.3,41,3,,79,0.04,0.28,1.84,0.94,0.04,9.4,0.56,0,0.2,,0,1710,649,52558,7415,,,,,,162,,,,11076211,20989837
R_bQndgXZk0Dk9tfU,2021,Goldsboro,Wastewater Service,11388,4,14.01,11.17,,,,,227,17,1180.47,1180.47,,,,,,,,,,,2,1,,,,,,,,,,,,,,43,,,,2555062,2364594,,,,,,,,,,,,,,,,,,,,,,,,,,,,,,,,,,,,,,,,,,,,,,
R_cTR7RIFrz62DUcS,2023,Beaufort,Water Utility,,,,,,,,,,,,,,,,,,,,,,,,,,,,,,,,,,,,,,,,,,,,,,,,184.973,,,184.133,4.767,,,,,148.527,1.872,5796.9,0,2,,0.003,,,3.2,0.88,0.06,7.8,222.53,,,,1,48.01,53,3771,332,,,,,,4,,,,361815,419360
R_czMQRKh9BlFRODA,2023,Dobson,Water Utility,,,,,,,,,,,,,,,,,,,,,,,,,,,,,,,,,,,,,,,,,,,,1.1,1.1,0,0,0,0,0,1.1,0.2,,0,0,0,0.921,1.5,5200,1,1,,0.025,0.056,0.298,2.2,0.081,0.06,8,20,,,,0,49,,835,2015,,,,,,6,,,,490876.08,1303494.85
R_d5zFet77pRhmDX0,2023,Durham,Water Utility,,,,,,,,,,,,,,,,,,,,,,,,,,,,,,,,,,,,,,,,,,,,31.9,0,0,0,0,0,,0,30.37,,0,0,0,,23.68,,2,2,20964179,44,0.08,0.24,2.5,0.84,0.494,8.6,36,3.7,7.1,,1,1261,,94946,10008,,,,,,193,,,,,13218197.15
R_d6Br5nTJN324rvo,2023,Faith,Water Utility,,,,,,,,,,,,,,,,,,,,,,,,,,,,,,,,,,,,,,,,,,,,0,0,0,0,,0,0,0,0,,0,0,0,0.072,,0,0,0,,,,,,,,,,,,,0,10,8,474,42,,,,,,,,,,25700,171000
R_difFRnsLSBX7i5g,2020,Raleigh,Wastewater Service,168264,11197,80,49.34,,,,,2391,131,15384,15384,,,,,,,,,,,0,57,,,,,,,,,,,,,,257,,,,16496151,24811076,,,,,,,,,,,,,,,,,,,,,,,,,,,,,,,,,,,,,,,,,,,,,,
R_e3hwSyT3ZtMC4qq,2021,Apex,Water Utility,,,,,,,,,,,,,,,,,,,,,,,,,,,,,,,,,,,,,,,,,,,,,,,,,,,4.44,,,,,,3.88,12.88,,,,,,0.09,,,,,,,,,,0,325.6,52,24505,1666,,,,,,31,,,,1703225,2832078
R_eRrKv3WCiNjcpMO,2023,Elon,Water Utility,,,,,,,,,,,,,,,,,,,,,,,,,,,,,,,,,,,,,,,,,,,,,,,,,,,,0.893,,,,,0.637,,,,,,59,,,2.23,1,,8.5,30,,,,2,54,18,2437,340,,,,,,6,,,,,
R_ezaoqcvTsgNaeNg,2022,Winston-Salem,Water Utility,,,,,,,,,,,,,,,,,,,,,,,,,,,,,,,,,,,,,,,,,,,,,,,,,,,37.52,,,,,,31.7,91,,,,,,0.04,,,,,,,,,,1,2350,245,124278,10032,,,,,,177.2,,,,10059396,9690931
R_0NRHv3yJWwyZELI,2023,Gastonia,Water Utility,,,,,,,,,,,,,,,,,,,,,,,,,,,,,,,,,,,,,,,,,,,,18.03,0,0,0,0,0,0,12.866,0,,0.69,0,0,3.493,27.3,55536,4,1,6988107,53.9,0.05,0.1,2.66,0.1,0.09,7.7,20,0,0,,0,709,486,30539,3279,,,,,,56,,,,3423734,4887849
R_1AlUhcu7hCDVIBo,2023,Duplin County,Water Utility,,,,,,,,,,,,,,,,,,,,,,,,,,,,,,,,,,,,,,,,,,,,,,,,2.6,,,,,,,,,1.6,4.37,,,,,0.003,,,2,0.3,0.06,7.5,,,,,,702,9,7849,152,,,,,,,,,,,
R_2mCoBeUahE971Ai,2020,Wilson,Wastewater Service,18919,1864,14,9.12,,,,,324.89,26.77,4700,4700,,,,,,,,,,,0,1,,,,,,,,,,,,,,59,,,,4170463,3849792.13,,,,,,,,,,,,,,,,,,,,,,,,,,,,,,,,,,,,,,,,,,,,,,
R_4OQzuKD6Cjk56FE,2020,Raleigh,Water Utility,,,,,,,,,,,,,,,,,,,,,,,,,,,,,,,,,,,,,,,,,,,,,,,,,,,52.37,,,,,,46.56,106,,,,,,0.04,,,,,,,,,,0,2302,408,182924,22245,,,,,,294,,,,19772220,24122667
R_5okhrAgnTwaw2uW,2023,Cary,Wastewater Service,61840,3055,36.68,14.3,12.78,0,3,42,921,1006,6957,6246,99.7,99.7,,,,,22,60,,,0,5,0,0,,,,0.39,0,43075522,,,,,,135,,,,12731365,29699374,,,,,,,,,,,,,,,,,,,,,,,,,,,,,,,,,,,,,,,,,,,,,,
R_9HwW3IsJCwvsVLg,2022,Goldsboro,Wastewater Service,11370,1852,14.01,11.34,,,,,227,16,768,768,,,,,,,,,,,3,4,,,,,,,,,,,,,,43.4,,,,2341827,1951026,,,,,,,,,,,,,,,,,,,,,,,,,,,,,,,,,,,,,,,,,,,,,,
R_cFUk4iON3mxYQJ0,2022,Goldsboro,Water Utility,,,,,,,,,,,,,,,,,,,,,,,,,,,,,,,,,,,,,,,,,,,,,,,,,,,4.81,,,,,,4.67,14,,,,,,0.7,,,,,,,,,,0,270,108,1370,6,,,,,,18,,,,1098735,2334666
R_d7mPrHxCArgXpGe,2023,Catawba County,Water Utility,,,,,,,,,,,,,,,,,,,,,,,,,,,,,,,,,,,,,,,,,,,,,,,,,,,,,,,,,,,,,,,,,,,,,,,,,,,,,1514,102,,,,,,,,,,,
R_dg3co4TQoQkrSYu,2023,East Bend,Wastewater Service,8,22,0.1,0.071,1.348,,1,1,2,,,,98,87,,,,,,15,,15,,,,,,,,,,,,,,,,,,,,12100,27027,,,,,,,,,,,,,,,,,,,,,,,,,,,,,,,,,,,,,,,,,,,,,,
R_doNXII2VFwKQX1Y,2023,Apex,Wastewater Service,23643,1424,9.7,5,5.1,0.03,2,33,294.4,37.84,261,261,99.3,99.3,,,,,0,0,0,0,0,0,0,0,,,,0,0,,,,,,,24,,,,2501839.75,4780721.95,,,,,,,,,,,,,,,,,,,,,,,,,,,,,,,,,,,,,,,,,,,,,,
R_e9yp3EgDa77qrpI,2023,Asheville,Water Utility,,,,,,,,,,,,,,,,,,,,,,,,,,,,,,,,,,,,,,,,,,,,23.33,0,0,0,0,0,0,22.48,0,,0,0,0,16,44,75.45,41,3,,71,0.04,0.29,1.96,0.85,0.12,9.8,0.7,,,,0,1710,729,53423,7548,,,,,,164,,,,13413476,25576891
R_eVzBpCHQhgsoDDo,2022,Charlotte,Wastewater Service,262443,19540,123.18,79.73,,,,,4391,135,19001,11780,,,,,,,,,,,1,3,,,,,,,,,,,,,,556.5,,,,44596784.94,55581870.82,,,,,,,,,,,,,,,,,,,,,,,,,,,,,,,,,,,,,,,,,,,,,,
R_emKz21NYO3qbVNY,2023,Dare County,Water Utility,,,,,,,,,,,,,,,,,,,,,,,,,,,,,,,,,,,,,,,,,,,,0,0,0,0,10.22,0,0,9.501,0,,0,0,9.26,9.06,13.26,6595,2,2,9472727,37,0.14,0.18,1.27,0.82,0.21,8.25,28,1,1,,0,369,28,21564,615,,,,,,62,,,,3715814,15460000
R_etdukJfLuihfLT0,2020,Goldsboro,Water Utility,,,,,,,,,,,,,,,,,,,,,,,,,,,,,,,,,,,,,,,,,,,,,,,,,,,6.47,,,,,,4.11,12,,,,,,0.09,,,,,,,,,,0,270,359,14452,6,,,,,,26,,,,1426164,2827982
R_eyNfFxMw6oFbPVk,2022,Apex,Wastewater Service,22221,1124,9.72,4.87,,,,,288,37.85,294,294,,,,,,,,,,,0,0,,,,,,,,,,,,,,19,,,,1997885,4802800,,,,,,,,,,,,,,,,,,,,,,,,,,,,,,,,,,,,,,,,,,,,,,
R_06YbERUYn1XOMRg,2023,Caldwell County,Wastewater Service,315,16,0.066,0,12.3,0.038,0,5,10.5,4.6,,,,,,,,,0,30,0,30,,0,0,0,,,,,0,54752,,,,,,4,,,,39500,46355,,,,,,,,,,,,,,,,,,,,,,,,,,,,,,,,,,,,,,,,,,,,,,
R_9mGx84qjiNyCp94,2023,Boiling Springs,Water Utility,,,,,,,,,,,,,,,,,,,,,,,,,,,,,,,,,,,,,,,,,,,,0,0.38,0,0,0,0,0,0,0,,0,0,0,126.7,1,0,1,0,5120,0.053,,,1.84,,,,,,,,0,43,18,1784,196,,,,,,2,,,,105891.69,497064.61
R_aaDLzhB22dM0qSa,2021,Concord,Wastewater Service,37182,2149,,,,,,,587.1,12.51,,,,,,,,,,,,,,3,,,,,,,,,,,,,,31.5,,,,4587205,8332258,,,,,,,,,,,,,,,,,,,,,,,,,,,,,,,,,,,,,,,,,,,,,,
R_0qv9SzKpkeqpEhg,2023,East Bend,Water Utility,,,,,,,,,,,,,,,,,,,,,,,,,,,,,,,,,,,,,,,,,,,,,17.4,,,,,,,17.4,,,,,15.1,1,,,,,64,,,0.92,,,,,,,,2,18,5,394,58,,,,,,1,,,,,
R_2gwWeun4h3yqz6S,2023,Charlotte,Wastewater Service,264466,15885,123.1,85,83,4.9,6,78,4410.63,144.73,17218,11363,99,99,,,,,122,32,,,2,5,0,2,,,,0,0,97622503,,,,,,571,,,,,,,,,,,,,,,,,,,,,,,,,,,,,,,,,,,,,,,,,,,,,,,,,,,
R_bvjaP589ghSri98,2022,Concord,Water Utility,,,,,,,,,,,,,,,,,,,,,,,,,,,,,,,,,,,,,,,,,,,,,,,,,,,9.274,,,,,,11.55,24,,,,,,0.07,,,,,,,,,,0,761.75,302,41504,3434,,,,,,71.1,,,,5038729,10587038.74
R_6fJkAPyOP54YhHU,2023,Asheboro,Water Utility,,,,,,,,,,,,,,,,,,,,,,,,,,,,,,,,,,,,,,,,,,,,5.108,0,0,0,0,0,0,5.052,0,,0,0,0,3.288,12,8760,7,1,6136046,25.8,0.034,0.11,3.47,0.83,0,8.9,48,11,12,,0,,156,11172,1669,,,,,,,,,,,
R_6ohmzeNRECuCLtQ,2021,Asheville,Water Utility,,,,,,,,,,,,,,,,,,,,,,,,,,,,,,,,,,,,,,,,,,,,21.44,0,0,0,0,0,0,21.64,0,,0,0,0,15,44,67.7,41,3,,69,0.03,0.25,1.99,0.87,0.14,9.6,0.49,,,,1,1710,628,51680,7340,,,,,,162,,,,11835659,12105748
R_8qzLVR2eBJMx3Aa,2023,Fremont,Water Utility,,,,,,,,,,,,,,,,,,,,,,,,,,,,,,,,,,,,,,,,,,,,,,,,,,,,0.133,,,,,,,,,,,43.5,,,1.6,,,,,,,,0,20,10,700,100,,,,,,,,,,,
R_e8WgeBq5qXPP7cG,2020,Charlotte,Water Utility,,,,,,,,,,,,,,,,,,,,,,,,,,,,,,,,,,,,,,,,,,,,,,,,,,,98.78,,,,,,89.22,174,,,,,,0.04,,,,,,,,,,0,4431,2207,262782,34316,,,,,,467,,,,33293342.44,27408325.09
R_etVwyJ5n5aLO02a,2020,Hickory,Water Utility,,,,,,,,,,,,,,,,,,,,,,,,,,,,,,,,,,,,,,,,,,,,,,,,,,,11.27,,,,,,9.58,32,,,,,,0.04,,,,,,,,,,0,947.71,147,26724,3761,,,,,,44,,,,2743822.8,5212520.5
R_1RqmhATmGuPAg9E,2021,Greensboro,Water Utility,,,,,,,,,,,,,,,,,,,,,,,,,,,,,,,,,,,,,,,,,,,,,,,,,,,22.55,,,,,,27.1,60.3,,,,,,0.06,,,,,,,,,,0,1517,380,98485,9611,,,,,,158,,,,12091850,16250255
R_6KWssmVZXXFONYW,2023,Cary,Water Utility,,,,,,,,,,,,,,,,,,,,,,,,,,,,,,,,,,,,,,,,,,,,20.9,0,0,0,0,0,0,18.08,0,,0.39,0.23,0,13.17,43.12,128400,3,1,23303933,47,0.04,0.09,4.1,0.81,0.07,8.35,40.72,3.2,1,,1,1152,56,68704,4109,,,,,,79,,,,7860669,22128357
R_1S5B9cfrVuCqhzo,2021,Greensboro,Wastewater Service,91898,7760,56,35.41,,,,,1452,75,32861901,0,,,,,,,,,,,19,36,,,,,,,,,,,,,,169,,,,12334076,19950473,,,,,,,,,,,,,,,,,,,,,,,,,,,,,,,,,,,,,,,,,,,,,,
R_2aZM5MMdwbtSs2W,2021,Goldsboro,Water Utility,,,,,,,,,,,,,,,,,,,,,,,,,,,,,,,,,,,,,,,,,,,,,,,,,,,6.53,,,,,,4.81,12,,,,,,0.07,,,,,,,,,,0,270,41,12732,6,,,,,,18,,,,947361,2106704
R_4Tnb5s2yGNwfSzI,2023,Fontana Dam,Water Utility,,,,,,,,,,,,,,,,,,,,,,,,,,,,,,,,,,,,,,,,,,,,0.173,0,0,0,0,0,0,0.173,0,,0,0,0,,0.5,3864.15,1,1,,0.004,0.032,0.095,1.4,,,7.9,12,,,,0,25,,0,0,,,,,,,,,,,
R_5pSCsdKjxWjqFVk,2021,Concord,Water Utility,,,,,,,,,,,,,,,,,,,,,,,,,,,,,,,,,,,,,,,,,,,,,,,,,,,9.75,,,,,,11.35,24,,,,,,0.07,,,,,,,,,,0,756.61,224,41203,3423,,,,,,68.8,,,,6132273,10344085
R_80Se9a1qtGXFS4K,2020,Concord,Wastewater Service,36196,2131,,,,,,,592.17,12.51,,,,,,,,,,,,,,1,,,,,,,,,,,,,,32.2,,,,2915790,8019550,,,,,,,,,,,,,,,,,,,,,,,,,,,,,,,,,,,,,,,,,,,,,,
R_8jO6CK38iQiUi34,2022,Winston-Salem,Wastewater Service,94455,9465,51,34.07,,,,,1740,42,8135,8135,,,,,,,,,,,0,23,,,,,,,,,,,,,,175.2,,,,10043471.43,11401722.82,,,,,,,,,,,,,,,,,,,,,,,,,,,,,,,,,,,,,,,,,,,,,,
R_9TaDkdCIegPQo86,2021,Hickory,Water Utility,,,,,,,,,,,,,,,,,,,,,,,,,,,,,,,,,,,,,,,,,,,,,,,,,,,11.17,,,,,,9.49,32,,,,,,0.05,,,,,,,,,,0,954.14,268,27471,3823,,,,,,54.5,,,,2936433.8,5336140
R_9pCM696DhYEQgRM,2022,Greensboro,Wastewater Service,92413,7858,56,31.95,,,,,1461,76,35287696,0,,,,,,,,,,,5,40,,,,,,,,,,,,,,175,,,,13065985,20732261,,,,,,,,,,,,,,,,,,,,,,,,,,,,,,,,,,,,,,,,,,,,,,
R_0Bqve8VxHEVNvaS,2020,Charlotte,Wastewater Service,270640,14607,123.18,89.04,,,,,4283.73,136.27,19700,13500,,,,,,,,,,,1,3,,,,,,,,,,,,,,530,,,,39317563.01,47552692.59,,,,,,,,,,,,,,,,,,,,,,,,,,,,,,,,,,,,,,,,,,,,,,
R_0HAjCvrfC5I7kBU,2023,Boiling Springs,Wastewater Service,916,150,0.6,0.315,0.213,0,1,6,27.03,8.97,10.9,10.9,98,96,,,,,2,105,0,,0,0,0,0,,,,0,0,796334,,,,,,4,,,,227464.95,206306.59,,,,,,,,,,,,,,,,,,,,,,,,,,,,,,,,,,,,,,,,,,,,,,
R_0dKLm2hZZO34fHM,2020,Apex,Wastewater Service,20620,1080,9.72,3.73,,,,,265.3,27.9,297,297,,,,,,,,,,,1,2,,,,,,,,,,,,,,24,,,,1953743,1839900,,,,,,,,,,,,,,,,,,,,,,,,,,,,,,,,,,,,,,,,,,,,,,
R_0q8UUyVurm8AnzM,2023,Anson County,Wastewater Service,200,17,3.5,1.58,,,1,9,15,39,175.89,175.89,96,94,,,,,4,60,,,2,4,,2,,,,,1.58,951862,,,,,,11,,,,,,,,,,,,,,,,,,,,,,,,,,,,,,,,,,,,,,,,,,,,,,,,,,,
R_1OjjqaG2ItybB2K,2023,Gastonia,Wastewater Service,28298,2880,26,10,9.2,0,3,40,632,39,1744,1720,98.5,98.9,,,,,18,123,0,0,2,13,0,1,,,,0,10,4029818,,,,,,78,,,,6268343,8320251,,,,,,,,,,,,,,,,,,,,,,,,,,,,,,,,,,,,,,,,,,,,,,
R_3so70Qs5c0wwQl0,2021,Charlotte,Water Utility,,,,,,,,,,,,,,,,,,,,,,,,,,,,,,,,,,,,,,,,,,,,,,,,,,,109.88,,,,,,88.22,174,,,,,,0.04,,,,,,,,,,0,4482,3045,268696,35333,,,,,,477.5,,,,42179134.23,29442052.62
R_4IW2a8JtglcVQQC,2023,Fayetteville Public Works Commission,Water Utility,,,,,,,,,,,,,,,,,,,,,,,,,,,,,,,,,,,,,,,,,,,,29.346,0,0,0,0,0,0,24.839,0,,0,0,0,8330.4,50,219000,6,2,18365977,55,0.05,0.21,3.93,0.9,0,8.2,39,7.43,14,,0,1422,78,85751,7120,,,,,,209,,,,18471556.67,34213115
R_4VmzzHMEN8dohIG,2023,Drexel,Water Utility,,,,,,,,,,,,,,,,,,,,,,,,,,,,,,,,,,,,,,,,,,,,0,0.201,0,0,0,0,0,0,0.201,,0,0,0,0.157,0,0,1,0,159680,,,,1.36,,,,,,,,0,21,9,1122,59,,,,,,2,,,,102133.95,820721
R_5dmXbxsJksToimq,2021,Charlotte,Wastewater Service,276498,16080,123.18,87.12,,,,,4341,135,10777.96,6594.1,,,,,,,,,,,1,6,,,,,,,,,,,,,,541.5,,,,48944554.54,51300219.63,,,,,,,,,,,,,,,,,,,,,,,,,,,,,,,,,,,,,,,,,,,,,,
R_5hSe5GGUqmSAsce,2020,Apex,Water Utility,,,,,,,,,,,,,,,,,,,,,,,,,,,,,,,,,,,,,,,,,,,,,,,,,,,4.17,,,,,,3.62,12.88,,,,,,0.15,,,,,,,,,,0,318,92,21470,1518,,,,,,30,,,,1561777,2545409
R_5vcr81MBf0fUuqO,2023,Goldsboro,Wastewater Service,9856,1851,14.2,7.77,3.87,0,1,26,270,17,590,590,98.5,98.9,,,,,0,30,1,30,0,0,0,0,,,,8.5,0,4863718,,,,,,33.5,,,,1706433.99,1370797.3,,,,,,,,,,,,,,,,,,,,,,,,,,,,,,,,,,,,,,,,,,,,,,
R_8ivrZOWeZu0haya,2020,Greensboro,Wastewater Service,93108,8962,56,35.65,,,,,1443.7,75,34915256,0,,,,,,,,,,,3,47,,,,,,,,,,,,,,153,,,,12402861,19951365,,,,,,,,,,,,,,,,,,,,,,,,,,,,,,,,,,,,,,,,,,,,,,
R_ac1GS6PP160QLpY,2023,Beech Mountain,Water Utility,,,,,,,,,,,,,,,,,,,,,,,,,,,,,,,,,,,,,,,,,,,,0.489,0,0,0,0,0,0,0.474,0,,0,0,0,58.63,1,0,9,1,0,36,0.216,0.216,1.97,0.2,0,7,0,0,0,,1,65.909,150,2130,64,,,,,,7,,,,293726,3114753
R_b2xyUnOWV5IZgYC,2023,Fayetteville Public Works Commission,Wastewater Service,86220,6560,46,25.2,17.064,,2,68,1328.91,59.17,4332,4566,98.9,98.9,,,,,,,,,0,,0,0,,,,,25.2,21732489,,,,,,210,,,,18471556.67,35342719,,,,,,,,,,,,,,,,,,,,,,,,,,,,,,,,,,,,,,,,,,,,,,
R_bjG0i0HVMd55L6K,2023,Dobson,Wastewater Service,440,151,0.35,0.204,0.164,,1,11,16,10,,,,,,,,,,,,,,,,,,,,,,,,,,,,2,,,,234578.68,379836.68,,,,,,,,,,,,,,,,,,,,,,,,,,,,,,,,,,,,,,,,,,,,,,
R_cx6Q3r3wtl8S1VA,2021,Wilson,Wastewater Service,19014,1875,14,11,,,,,326.6,26.77,4325,4325,,,,,,,,,,,2,3,,,,,,,,,,,,,,59,,,,4254496.8,3746429.64,,,,,,,,,,,,,,,,,,,,,,,,,,,,,,,,,,,,,,,,,,,,,,
R_daFxq7osNnRzwGy,2022,Apex,Water Utility,,,,,,,,,,,,,,,,,,,,,,,,,,,,,,,,,,,,,,,,,,,,,,,,,,,4.72,,,,,,4.08,12.88,,,,,,0.1,,,,,,,,,,0,340,40,24246,1558,,,,,,30,,,,1565784,3697772
R_dcdNrJD3mCSNoF0,2023,Apex,Water Utility,,,,,,,,,,,,,,,,,,,,,,,,,,,,,,,,,,,,,,,,,,,,5.9,0,0,0,0,0,0,5.15,0,,0,0,0,4.63,12.88,,1,1,,0.04,0.05,0.09,3.53,0.7,0,7.8,2.4,2.5,1,,0,347,29,24514,2521,,,,,,31,,,,1685566.06,3754107.14
R_dgR7TeGG9t3jpwa,2023,Fontana Dam,Wastewater Service,0,1,0.3,,,0,1,0,15,0,,,,95,,,,,1,10,1,10,0,0,0,0,,,,0,,,,,,,,,,,,,,,,,,,,,,,,,,,,,,,,,,,,,,,,,,,,,,,,,,,,,,,,,,,
R_e8UMKC6NStpcm22,2022,Hickory,Wastewater Service,15298,2564,16.5,5.21,,,,,503,43.28,2795,2795,,,,,,,,,,,5,6,,,,,,,,,,,,,,57.75,,,,3152260.4,4440603,,,,,,,,,,,,,,,,,,,,,,,,,,,,,,,,,,,,,,,,,,,,,,
R_eSbnm441aevXv2m,2022,Hickory,Water Utility,,,,,,,,,,,,,,,,,,,,,,,,,,,,,,,,,,,,,,,,,,,,,,,,,,,11.73,,,,,,9.97,32,,,,,,0.03,,,,,,,,,,0,954.14,423,27813,3865,,,,,,54.5,,,,3072805.6,5052541
R_eaMwPYLzUDt3H1A,2022,Raleigh,Water Utility,,,,,,,,,,,,,,,,,,,,,,,,,,,,,,,,,,,,,,,,,,,,,,,,,,,54.4,,,,,,48.36,106,,,,,,0.04,,,,,,,,,,0,2376,486,182838,18805,,,,,,291,,,,19514953,24724498
R_egnaT8gmEgMLUZU,2023,Edenton,Water Utility,,,,,,,,,,,,,,,,,,,,,,,,,,,,,,,,,,,,,,,,,,,,0,0,0,0,0.558,0,0,0.509,0,,0,0,0,147,1,10220,0,2,589326,0.046,0,0,3,0,0,7.5,170,0,0,,0,70,75,1767,373,,,,,,6,,,,1030675,2131054
R_3IWcxLcagPseLMq,2022,Wilson,Wastewater Service,19082,1886,14,7.79,,,,,327.26,26.77,4091,4091,,,,,,,,,,,0,6,,,,,,,,,,,,,,59,,,,4062808.4,3725986.05,,,,,,,,,,,,,,,,,,,,,,,,,,,,,,,,,,,,,,,,,,,,,,
R_5ak15o5ccVtqfOK,2023,Claremont,Water Utility,,,,,,,,,,,,,,,,,,,,,,,,,,,,,,,,,,,,,,,,,,,,,,,,,,,,0.38,,,,,0.3,,,,,,,,,,,,,,,,,,,,986,184,,,,,,9,,,,,
R_5c0r1vqEGrtG1bo,2021,Raleigh,Wastewater Service,172289,11331,80,51.69,,,,,2396,132,16963,16963,,,,,,,,,,,0,29,,,,,,,,,,,,,,258,,,,17144190,25766225,,,,,,,,,,,,,,,,,,,,,,,,,,,,,,,,,,,,,,,,,,,,,,
R_6EeteQuKZbNM2ZE,2023,Concord,Water Utility,,,,,,,,,,,,,,,,,,,,,,,,,,,,,,,,,,,,,,,,,,,,4.76,6.88,0,0,0,0,0,9.58,4.44,,0,0,0,11.93,24,3,8,2,4854199,76.6,0.06,0.22,2.26,0.97,0.03,8.8,55,4.29,17.2,,0,772.57,479,41929,3468,,,,,,74,,,,5384986.55,12540420.67
R_8ch6kLPZiq6r24u,2023,Ayden,Water Utility,,,,,,,,,,,,,,,,,,,,,,,,,,,,,,,,,,,,,,,,,,,,0,141.095,0,0,0.091,0,0,0.091,0.386,,0,0,0,0.339,,0,3,0,75585,,,,3.6,,,7.3,,,,,0,,46,2492,109,,,,,,3,,,,,
R_agTpbPn2NjndZ6m,2020,Greensboro,Water Utility,,,,,,,,,,,,,,,,,,,,,,,,,,,,,,,,,,,,,,,,,,,,,,,,,,,22.3,,,,,,27.75,60.3,,,,,,0.06,,,,,,,,,,0,1514,259,97725,9541,,,,,,164,,,,11864098,18011325
R_b91g4WcBDJZvafA,2020,Concord,Water Utility,,,,,,,,,,,,,,,,,,,,,,,,,,,,,,,,,,,,,,,,,,,,,,,,,,,10,,,,,,11.51,24,,,,,,0.08,,,,,,,,,,0,752.27,247,39826,3312,,,,,,67.1,,,,8447248,9209491
R_eXVHxjQM5nfTRJk,2020,Hickory,Wastewater Service,13740,2413,16.5,6.15,,,,,501,43,2339.5,2339.5,,,,,,,,,,,6,5,,,,,,,,,,,,,,57,,,,2987803.2,4394922.5,,,,,,,,,,,,,,,,,,,,,,,,,,,,,,,,,,,,,,,,,,,,,,
R_2rQNU2rkhdoEPUG,2023,West Jefferson,Wastewater Service,519,278,0.5,0.244,0.157,0,1,4,19.6,2.12,479,2,90,90,,,,,1,20,,,0,0,0,0,,,,0,0,,,,,,,2,,,,141500,443562,,,,,,,,,,,,,,,,,,,,,,,,,,,,,,,,,,,,,,,,,,,,,,
R_3mvJU4496uZb8mW,2023,Manteo,Wastewater Service,1205,180,0.6,0.253,0.171,0,1,11,3,21,,0,99.993,100,,,,,0,,0,,0,0,0,1,,,,0,0,100500,,,,,,4.25,,,,252825.21,449599.57,,,,,,,,,,,,,,,,,,,,,,,,,,,,,,,,,,,,,,,,,,,,,,
R_cOr6NuzhdSBNXrE,2023,Salisbury,Wastewater Service,17480,2420,12.5,6.96,4.7,0,2,34,423,30.6,1232,0,95.8,94.9,,,,,2,,,,5,0,5,0,,,,0,0,,,,,,,46,,,,3527800,7846200,,,,,,,,,,,,,,,,,,,,,,,,,,,,,,,,,,,,,,,,,,,,,,
R_eDozOiHWcRap9cy,2023,Granite Falls,Water Utility,,,,,,,,,,,,,,,,,,,,,,,,,,,,,,,,,,,,,,,,,,,,0.97,,,,,,,1.12,,,,,,0.84,2.5,7559,19,1,,0.05,0.02,0.06,1.8,0.89,0.05,9.2,32,,,,0,67,40,2334,348,,,,,,10,,,,555270,1466467
R_ekRT7SDsgn9BwGO,2023,Winterville,Water Utility,,,,,,,,,,,,,,,,,,,,,,,,,,,,,,,,,,,,,,,,,,,,0,0.229,0,0,0.28,0,0,0,0.229,,0,0,0,0.594,0.247,0,1,0,0,0,0,0,3.7,0,0,8.4,0,0,0,,0,68,1,4133,283,,,,,,3,,,,347305,4522810
R_emncZeqW0meefD8,2023,Spruce Pine,Water Utility,,,,,,,,,,,,,,,,,,,,,,,,,,,,,,,,,,,,,,,,,,,,1.1,,,,0.12,,,1.1,,,,,,0.482,1.61,8760,6,1,,50,0.03,0.05,1.62,,0.13,8.2,9.5,,,,,62,26,1867,313,,,,,,7,,,,759523,387298
R_0IKjPiigvvaul26,2023,Mebane,Water Utility,,,,,,,,,,,,,,,,,,,,,,,,,,,,,,,,,,,,,,,,,,,,0,1.985,0,0,0,0,0,0,1.985,,0,0,0,1.911,6,,0,,,26.37,0.09,0.29,2.9,0.58,0.067,8.1,,6.45,9.97,,0,132.83,20,6200,558,,,,,,7.5,,,,630436.61,1102610.23
R_0NyKFAivPtbaeKa,2023,Granite Falls,Wastewater Service,,,0.9,0.37,,0,1,,44,7,,,99,98,,,,,0,,,,,0,0,0,,,,,,,,,,,,7,,,,555270,1466467,,,,,,,,,,,,,,,,,,,,,,,,,,,,,,,,,,,,,,,,,,,,,,
R_40kcX4b19LPd3E2,2023,Martin County,Water Utility,,,,,,,,,,,,,,,,,,,,,,,,,,,,,,,,,,,,,,,,,,,,0,0.15,0,0.15,0,0,0,0,0,,0,0,0,0.252,0.954,0,4,0,20000,0.039,0,0,4.2,0,0,0,0,0,0,,0,287,10,2000,120,,,,,,6,,,,174092,2509498
R_5A9dTLkPoqEDhYi,2023,Murphy,Water Utility,,,,,,,,,,,,,,,,,,,,,,,,,,,,,,,,,,,,,,,,,,,,0.826,0,0,0,0,0,0,295.309,0,,0,0,0,162.42,2,10509,3,1,570228,0.037,0.064,0.114,1.95,0,0,8.2,17,,,,0,69,30,1240,609,,,,,,5.5,,,,355654,409233
R_9RYRX1sIgceqVZI,2023,Tuckaseigee Water and Sewer Authority,Wastewater Service,2037,747,4.3,1.254,0.853,0,4,24,79,8.5,293.06,293.06,97.2,96.65,,,,,,,2,25,0,0,0,,,,,0,0,2989217,,,,,,7.67,,,,622898,697402,,,,,,,,,,,,,,,,,,,,,,,,,,,,,,,,,,,,,,,,,,,,,,
R_eVy4NLcsBoVlLDg,2023,Pasquotank County,Water Utility,,,,,,,,,,,,,,,,,,,,,,,,,,,,,,,,,,,,,,,,,,,,0,0,0,0,2.166,0,0,1.885,0.002,,0,0,0,1.682,4.7,,35,4,1916640,0.021,,,5.47,0.97,0.07,8.04,239,,,,0,380,40,8642,344,,,,,,25,,,,1648431,4454568
R_3NQD0YXALjduaB8,2023,Holly Springs,Wastewater Service,14562,1475,6,2.65,2.78,0,1,20,218.66,20.75,955,955,,,,,,,2,90,0,,0,2,0,0,,,,0.4,,5675851,,,,,,5,,,,2227907.82,1930938.39,,,,,,,,,,,,,,,,,,,,,,,,,,,,,,,,,,,,,,,,,,,,,,
R_3pXZ6bEnwfHCtwi,2023,Smithfield,Water Utility,,,,,,,,,,,,,,,,,,,,,,,,,,,,,,,,,,,,,,,,,,,,4.164,18,0,0,0,0,0,3.671,18,,0,0,0,,6.214,,1,1,,0.038,0.045,0.06,4.18,0,0,7.92,,4,3,,0,136,162,4925,1080,,,,,,8,,,,687250,2621065
R_4GE1dADX3kYa2hg,2023,Kinston,Water Utility,,,,,,,,,,,,,,,,,,,,,,,,,,,,,,,,,,,,,,,,,,,,,3.1,,,1.3,0,0,,3.1,,,,,4.4,11.85,,16,,2726957,29.02,,,4,,,8.28,680,,,,0,258.76,165,10746,24,,,,,,,,,,1516952,1114117
R_5iJyqu94bcPzmUC,2023,Morganton,Wastewater Service,6429,1365,10.5,5.35,,0,1,16,203.7,8.69,1603,1603,97,95,,,,,,30,4,30,0,,0,6,,,,0,0,,,,,,,17,,,,1114389,5064244,,,,,,,,,,,,,,,,,,,,,,,,,,,,,,,,,,,,,,,,,,,,,,
R_7QhPXjobm3byHHg,2023,Union County,Wastewater Service,41575,1427,9.65,6.412,,2.792,5,55,677,72.5,2203,2203,99.1,99.14,,,,,11,16,,,3,0,4,3,,,,0.046,0,9814235,,,,,,66,,,,5436910,13260457,,,,,,,,,,,,,,,,,,,,,,,,,,,,,,,,,,,,,,,,,,,,,,
R_86w2LhfUr68aZ9k,2023,Wallace,Wastewater Service,3989,831,5.42,1.304,,0,1,24,40,20,,,99,99,,,,,,30,0,30,2,0,0,,,,,0,0,,,,,,,6,,,,369207.63,1620163.17,,,,,,,,,,,,,,,,,,,,,,,,,,,,,,,,,,,,,,,,,,,,,,
R_bru3eNwr6W0LBmS,2023,Harkers Island Sanitary District,Water Utility,,,,,,,,,,,,,,,,,,,,,,,,,,,,,,,,,,,,,,,,,,,,,,,,0.098,,,0.096,,,,,,0.089,0.5,,2,,61120,0.04,,,,,,7.5,103,,,,0,21,,979,21,,,,,,,,,,171228,127729
R_cBhxlTDVHMzsJ4G,2023,Goldsboro,Water Utility,,,,,,,,,,,,,,,,,,,,,,,,,,,,,,,,,,,,,,,,,,,,0.5,0,0,0,0,0,0,4.91,0,,0,0,0,4.57,14,8716.7,1,1,3350174,0.06,0.11,0.38,3.87,1,0.07,7.8,41,6.25,8.29,,0,220,61.5,11396,7,,,,,,16.75,,,,1057306.33,2392787.01
R_cSa0pRbZNvWu5QG,2023,Spindale,Wastewater Service,1581,247,3,0.51,0.41,0,1,8,53.83,7.17,102,102,99.23,96.49,,,,,,,,,0,2,0,0,,,,0.01,0.51,1052943,,,,,,7,,,,473725,988048,,,,,,,,,,,,,,,,,,,,,,,,,,,,,,,,,,,,,,,,,,,,,,
R_3pBAP337AsE3zLg,2023,Raeford,Water Utility,,,,,,,,,,,,,,,,,,,,,,,,,,,,,,,,,,,,,,,,,,,,0,0,0,0,0,0,0,1.164,0,,0,0,0,0.85,3,0,1,0,824917,0.002,0,0,1.4,0.85,,7.5,,,,,,46,90,2578,423,,,,,,5,,,,300000,354952
R_55ccxWW9dQrCWMu,2023,Washington,Wastewater Service,4263,1033,3.65,2.26,1.02,0,1,32,74.6,30.35,,232,99,99,,,,,2,25,0,,0,0,0,0,,,,0,0,3296383,,,,,,14.5,,,,723670,953533,,,,,,,,,,,,,,,,,,,,,,,,,,,,,,,,,,,,,,,,,,,,,,
R_5thyRULkPpIptyu,2023,Henderson,Wastewater Service,6661,1039,4.14,2.066,1.114,0,1,13,147.03,17.04,320.44,320.44,99,99,,,,,5,30,0,0,2,5,0,2,,,,0,2066,3272001,,,,,,16,,,,849163.09,1221906.44,,,,,,,,,,,,,,,,,,,,,,,,,,,,,,,,,,,,,,,,,,,,,,
R_6AvuWvyQ02d0B5c,2023,OWASA,Wastewater Service,13664,6508,14.5,4.524,5.87,0,1,21,335.932,13.93,1056,835,0,0,,,,,4,77.5,,,1,4,0,0,,,,0.583,0,8946628,,,,,,36,,,,3055732,7359777,,,,,,,,,,,,,,,,,,,,,,,,,,,,,,,,,,,,,,,,,,,,,,
R_6sYjKovW08UKnB4,2023,West Jefferson,Water Utility,,,,,,,,,,,,,,,,,,,,,,,,,,,,,,,,,,,,,,,,,,,,0,0,19.675,0,58.526,0,0,78.202,0,,0,0,0,61.974,1,,1,8,,0.013,,0.075,1.3,,,7.1,,,,,0,27,,519,278,,,,,,2,,,,151477,355400
R_a8WsiY7fMTlshcG,2023,Waynesville,Wastewater Service,4355,700,6,3.55,1.3,,1,,69,,540,,79,62,,,,,,30,,240,8,,,8,,,,,3.55,1673273,,,,,,21,,,,1428850,972511.18,,,,,,,,,,,,,,,,,,,,,,,,,,,,,,,,,,,,,,,,,,,,,,
R_enRXNcDxMcAb7Xo,2023,Greensboro,Wastewater Service,95837,9232,56,33.42,25.33,0.62,1,52,1466.66,75.71,37804943,0,99.7,98.89,,,,,51,27,,,0,51,0,0,,,,0,33.42,45827900,,,,,,200,,,,14310424.06,23891205.06,,,,,,,,,,,,,,,,,,,,,,,,,,,,,,,,,,,,,,,,,,,,,,
R_bOWbAsLD9RV02I6,2023,Lake Waccamaw,Water Utility,,,,,,,,,,,,,,,,,,,,,,,,,,,,,,,,,,,,,,,,,,,,0,0,0,0,0.171,0,0,0.171,0,,0,0,0,0.13,0.25,0,2,0,100027.69,0.027,,,2.2,,,,,,,,,15,10,961,57,,,,,,3,,,,315602.3,474715.58
R_238PZstCzQifJUW,2023,Manteo,Water Utility,,,,,,,,,,,,,,,,,,,,,,,,,,,,,,,,,,,,,,,,,,,,0,0,0,0,0,0,0,0,0.222,,0,0,0,0.211,0.3,,0,0,,42,,,1.21,,,,,,,,0,,23,1750,186,,,,,,4.25,,,,252825.21,449599.57
R_88rCkHQRZFgLN66,2023,North Wilkesboro,Wastewater Service,1900,0,2,1.063,1.063,0,1,19,56,9,,0,,,,,,,4,240,4,240,0,0,0,0,,,,0,1.063,,,,,,,4,,,,,,,,,,,,,,,,,,,,,,,,,,,,,,,,,,,,,,,,,,,,,,,,,,,
R_9S09U4AIFOjXqrs,2023,Harrellsville,Water Utility,,,,,,,,,,,,,,,,,,,,,,,,,,,,,,,,,,,,,,,,,,,,,,,,0.04,,,0.04,,,,,,0.04,4,,1,,,0.06,,,2.18,1.1,0.087,7.4,,,,,,18,10,335,23,,,,,,,,,,,
R_1FSCQiZPdGtLmGa,2023,OWASA,Water Utility,,,,,,,,,,,,,,,,,,,,,,,,,,,,,,,,,,,,,,,,,,,,2.445,0,0,0,0,0,0,6.7,0,,0.583,0,0,5.796,20,8760,4,1,4929825,15.8,0.082,0.025,3.92,0.76,0.06,8.9,32,19,13,,1,385.843,39,14406,6609,,,,,,60,,,,5402813,9743996
R_1S5gliPNxmTUzxI,2023,Weldon,Water Utility,,,,,,,,,,,,,,,,,,,,,,,,,,,,,,,,,,,,,,,,,,,,0.904,0,0,0,0,0,0,0.904,0,,0,0,0,0.759,2,6822.9,1,1,,77,0.09,0.23,2.7,1.08,0.12,8,,3.2,5.48,,0,10,3,500,95,,,,,,2,,,,446624,934090
R_2lD7kSBfB0IuaI6,2023,Maxton,Water Utility,,,,,,,,,,,,,,,,,,,,,,,,,,,,,,,,,,,,,,,,,,,,,,0,0,0.275,0,0,0.275,0,,0,0,0,,0.5,,1,,,,,,,,,,,,,,0,30,45,1062,105,,,,,,3,,,,,
R_56zMlp5JoitbwxM,2023,Whiteville,Water Utility,,,,,,,,,,,,,,,,,,,,,,,,,,,,,,,,,,,,,,,,,,,,0,0,0,0,348,0,0,0,0,,0,0,0,262,2.61,0,0,0,,27,0,0,0.88,0,0,7.7,,,,,0,78,200,1637,687,,,,,,5,,,,180000,552000
R_7VEn3Q5lGgtCSJ8,2023,Woodfin Water and Sewer Sanitary District,Water Utility,,,,,,,,,,,,,,,,,,,,,,,,,,,,,,,,,,,,,,,,,,,,1,0.3,0,0,0,0,0,0.75,0.3,,0,0,0,0.94,2,3631,1,1,,0.057,0.063,0.106,2.46,0,0.006,8.45,,0,0,,0,110,60,4200,175,,,,,,14,,,,1200000,1750000
R_80lU4UHVVGtJqFE,2023,Locust,Wastewater Service,1687,145,,,0.315,,,12,24,9.4,,,,,,,,,,90,,,,0,,,,,,,,,,,,,,7,,,,283500,1322000,,,,,,,,,,,,,,,,,,,,,,,,,,,,,,,,,,,,,,,,,,,,,,
R_9otNCiC0nL6HFEG,2023,Vanceboro,Wastewater Service,487,32,0.3,0.12,0.12,0,1,3,10.48,3.82,133.21,0,99,97,,,,,0,,,,1,0,0,1,,,,0,0,279717,,,,,,1,,,,72600.68,394030.66,,,,,,,,,,,,,,,,,,,,,,,,,,,,,,,,,,,,,,,,,,,,,,
R_d9VciYts5jeqYaq,2023,Maxton,Wastewater Service,1062,105,0.5,0.25,,,1,11,28,,,,,,,,,,,,,,,,,,,,,,,,,,,,,3,,,,,,,,,,,,,,,,,,,,,,,,,,,,,,,,,,,,,,,,,,,,,,,,,,,
R_eP57yCYEdlhgb4i,2023,Greensboro,Water Utility,,,,,,,,,,,,,,,,,,,,,,,,,,,,,,,,,,,,,,,,,,,,24.53,10.16,0,0,0,0,0,24.53,10.16,,0,0,0,28.4,60.3,181905,33,2,18486872,45,0.08,0.29,3.4,0.94,0.38,8.6,65,5.9,42,,0,1528.63,448,99218,9757,,,,,,145,,,,14461989.87,18464593.93
R_eWqlHE8M8Bq2Cwu,2023,Whiteville,Wastewater Service,1637,687,3,1.05,2.474,0,1,11,110,22.3,75.9,0,83,74,,,,,1,30,20,30,0,0,0,0,,,,0,0,,,,,,,1,,,,180000,459000,,,,,,,,,,,,,,,,,,,,,,,,,,,,,,,,,,,,,,,,,,,,,,
R_2idwgiHjhzkBPBI,2023,Weldon,Wastewater Service,495,100,1.2,0.449,0.849,0,1,5,19,3.1,73.88,0,98,93.3,,,,,1,30,0,,1,1,0,1,,,,0,0.449,,,,,,,5,,,,350737,657680,,,,,,,,,,,,,,,,,,,,,,,,,,,,,,,,,,,,,,,,,,,,,,
R_54hkmWnOWIR27Fs,2023,Taylorsville,Wastewater Service,893,313,0.83,0.35,0.337,0,1,28,25.57,23.67,,,,,,,,,0,,2,30,0,0,0,0,,,,0,0.35,,,,,,,3,,,,226862,940661,,,,,,,,,,,,,,,,,,,,,,,,,,,,,,,,,,,,,,,,,,,,,,
R_9YbQ0X4nwukf3o2,2023,Wrightsville Beach,Water Utility,,,,,,,,,,,,,,,,,,,,,,,,,,,,,,,,,,,,,,,,,,,,0,0,0,0,0.593,0,0,0.593,0.304,,0,0,0,,3,,10,,,0.07,,,3,,0.4,7.8,,1.43,0.887,,0,,65,2400,500,,,,,,7,,,,197205.745,
R_da2dcbt8GVtm4o6,2023,Thomasville,Water Utility,,,,,,,,,,,,,,,,,,,,,,,,,,,,,,,,,,,,,,,,,,,,2.56,0,0,0,0,0,0,2.17,0.09,,0,0,0,1.61,6,8661.2,1,1,1274246.8,19.87,0.071,0.12,3,0.96,0.08,8.4,42,,,,0,168.3,172,9922,1008,,,,,,22,,,,1367852.62,3302692.57
R_eJb0ZVXCpcw9pPM,2023,Tuckaseigee Water and Sewer Authority,Water Utility,,,,,,,,,,,,,,,,,,,,,,,,,,,,,,,,,,,,,,,,,,,,1.09,0,0,0,0,0,0,1.09,0,,0,0,0,29.136,1.5,7124.7,9,1,1095069.25,56,0.05,0.3,2.2,,0.01,7.6,8,,,,0,85,6,2372,588,,,,,,6,,,,423764,341888
R_01k6hzSwBgKYbFc,2023,Raeford,Wastewater Service,2578,423,3,1.129,0.85,0,1,1,53,1.17,3276,3276,99.04,99.04,,,,,0,,,,0,0,0,0,,,,0,,1924740,,,,,,5,,,,300000,579119,,,,,,,,,,,,,,,,,,,,,,,,,,,,,,,,,,,,,,,,,,,,,,
R_0ffWCq1OXa3ii8e,2023,Metropolitan Sewerage District of Buncombe County,Wastewater Service,54373,5051,40,20.883,14.3,0,1,39,1128,25,5419,,,95,,,,,28,32,73,36,0,17,0,0,,,,,7622.42,13620976,,,,,,151,,,,16178215.65,18455235,,,,,,,,,,,,,,,,,,,,,,,,,,,,,,,,,,,,,,,,,,,,,,
R_0ujsvGB3uwITFbg,2023,Surf City,Wastewater Service,3718,286,1.5,0.707,0.477,0,1,49,30,30,149,149,95,95,,,,,1,15,0,0,0,2,0,0,,,,0,0,2013934,,,,,,7,,,,814138,3997701,,,,,,,,,,,,,,,,,,,,,,,,,,,,,,,,,,,,,,,,,,,,,,
R_2skICOS9R8coCJE,2023,West Iredell Water Company,Water Utility,,,,,,,,,,,,,,,,,,,,,,,,,,,,,,,,,,,,,,,,,,,,,,,,,,,,0.41,,,,,0.33,1.2,,2,,96413,0.051,,,,,,,,,,,1,131,37,2332,130,,,,,,5,,,,272300,796312
R_3C4rtuDYjg2rEIm,2023,Kinston,Wastewater Service,9063,1580,11.85,3.553,1.79,,1,22,185.23,44.21,142.51,612.95,99.86,94.36,,,,,0,0,0,0,0,0,0,4,,,,,,2810529,,,,,,13,,,,908033.66,1069454.66,,,,,,,,,,,,,,,,,,,,,,,,,,,,,,,,,,,,,,,,,,,,,,
R_3Ua58Q2eI1tJoUK,2023,Junaluska Sanitary District,Water Utility,,,,,,,,,,,,,,,,,,,,,,,,,,,,,,,,,,,,,,,,,,,,0,,,,,,,,0.34,,,,,0.31,0.75,,3,,29456.36,36,,,1.5,,,,,,,,,70.07,14,1818,188,,,,,,6,,,,309355.38,2528186
R_5AAeT06HANv1BeC,2023,Jacksonville,Wastewater Service,16289,2258,9,0,4.32,0,1,45,233.7,41.5,0,0,90,75,,,,,2,10,,,0,0,0,0,,,,4.32,0,,,,,,,,,,,,,,,,,,,,,,,,,,,,,,,,,,,,,,,,,,,,,,,,,,,,,,,,,,
R_5AaN1wXWCUywOcm,2023,Winston-Salem,Water Utility,,,,,,,,,,,,,,,,,,,,,,,,,,,,,,,,,,,,,,,,,,,,,,,,,,,37.53,,,,,,32.05,91,,,,,,0.06,0.3,,,,,,,,,0,2346,435,125444,10130,,,,,,171.6,,,,12110759.94,12768907.98
R_5w4n1lq2DwEOguO,2023,Union County,Water Utility,,,,,,,,,,,,,,,,,,,,,,,,,,,,,,,,,,,,,,,,,,,,,1.63,0,0,0,0,0,13.52,0,,0,0,0,12.83,27,,6,1,,51,,0.11,2.7,0.61,,7.9,,4.2,4.9,,0,1132.8,548,54232,2557,,,,,,33,,,,3341862,6730589
R_6M3ewtqxnXWLgpg,2023,Pamlico County,Water Utility,,,,,,,,,,,,,,,,,,,,,,,,,,,,,,,,,,,,,,,,,,,,,,,,,,,,,,,,,,,,5,4,,,,,,,,,,,,,,,,6800,200,,,,,,15,,,,800000,1680000
R_6Q0GU328DIuhdLU,2023,Winston-Salem,Wastewater Service,95409,9559,51,34.38,,,2,45,1741,46,8409,8409,,,,,,,61,55,,,0,10,,,,,,,,,,,,,,181.6,,,,8357234.06,13749383.77,,,,,,,,,,,,,,,,,,,,,,,,,,,,,,,,,,,,,,,,,,,,,,
R_6foOcexI3f0kvzM,2023,Wrightsville Beach,Wastewater Service,,,0,0,,0.648,0,7,,4.64,,,,,,,,,0,,0,,,0,0,0,,,,0,0,,,,,,,,,,,194205.75,699507.04,,,,,,,,,,,,,,,,,,,,,,,,,,,,,,,,,,,,,,,,,,,,,,
R_6x3InLKeqJM0TzM,2023,Wilson,Water Utility,,,,,,,,,,,,,,,,,,,,,,,,,,,,,,,,,,,,,,,,,,,,8.61,0,0,0,0,0,0,7.08,0,,0,0,0,6.03,22,3,8,2,4219994,65,0.08,0.03,2.27,0.77,0.14,7.65,2.11,1.92,1.69,,0,406,811,20738,2090,,,,,,42,,,,3156242.91,5811997.01
R_6zlfuntIzBrZXDw,2023,Raleigh,Water Utility,,,,,,,,,,,,,,,,,,,,,,,,,,,,,,,,,,,,,,,,,,,,57.74,0,0,0,0,0,0,56.77,0,,0,0,0,50.5,106,282,22,2,58913936.28,45.26,0.04,0.12,3.75,0.95,0.03,8.92,2.33,4,5.5,,0,2477.94,486,187456,18907,,,,,,303,,,,29722260,35461320
R_7PxPJhz1UfMoeX4,2023,Raleigh,Wastewater Service,178314,15386,80.2,50.5,50.5,0,3,124,2600,134,19953.59,11145.24,100,100,,,,,70,32,,,0,34,0,0,,,,292.7,0,42197297,,,,,,374,,,,26870513,34117865,,,,,,,,,,,,,,,,,,,,,,,,,,,,,,,,,,,,,,,,,,,,,,
R_9vRDeozYmPbIe7c,2023,Spruce Pine,Wastewater Service,1030,262,2,0.5,0.353,,1,14,35,15,178.2,,99,99,,,,,2,15,,,,2,,,,,,,0.5,,,,,,,7,,,,603045,357030,,,,,,,,,,,,,,,,,,,,,,,,,,,,,,,,,,,,,,,,,,,,,,
R_9z7Phi93G8FKIYe,2023,Wilkesboro,Water Utility,,,,,,,,,,,,,,,,,,,,,,,,,,,,,,,,,,,,,,,,,,,,4.96,,,,,,,4.42,,,,,,4.36,10,7096,2,1,,,0.04,0.05,2.3,0.9,,8.8,,,,,0,71,4,2000,34,,,,,,,,,,,
R_b25iN1RMXC4Iod0,2023,Salisbury,Water Utility,,,,,,,,,,,,,,,,,,,,,,,,,,,,,,,,,,,,,,,,,,,,9.99,0,0,0,0,0,0,9.1,0,,0,0,0,7.5,24.99,105120,7,1,,132.9,0.04,0.09,2.14,0.81,0.11,7.5,32,,,,1,452,66,20200,3290,,,,,,41,,,,2824300,6286900
R_bOfs88AzhJqm1ym,2023,Jacksonville,Water Utility,,,,,,,,,,,,,,,,,,,,,,,,,,,,,,,,,,,,,,,,,,,,0,0,0,0,4.3,0,0,3.6,0,,0,0,0,2.9,7.6,,35,1,,60,0.2,0.8,2.2,1.2,0.08,8.6,,0,0,,0,290,143,,,,,,,,,,,,,
R_cuaVTGW4i3SCAqW,2023,Harmony,Wastewater Service,220,27,0.08,0.03,0.296,0,1,7,,,,0,92,83,,,,,0,35,0,35,0,0,0,0,,,,0,0,,,,,,,1,,,,,175705,,,,,,,,,,,,,,,,,,,,,,,,,,,,,,,,,,,,,,,,,,,,,,
R_dj4x7OR3SpovfYW,2023,Thomasville,Wastewater Service,10595,1016,6,2.61,1.9,0,1,26,205,22.86,,,98.26,95.99,,,,,12,,,,1,,0,2,,,,0,0,4585096.93,,,,,,26,,,,1621596.86,6467456.27,,,,,,,,,,,,,,,,,,,,,,,,,,,,,,,,,,,,,,,,,,,,,,
R_3QqUgt6UAn6oJ82,2023,Princeton,Wastewater Service,733,9,0.25,56.779,0.253,0,1,7,58825,17670,,,98,97,,,,,0,30,0,30,1,0,0,1,,,,0,0,,,,,,,6,,,,230000,,,,,,,,,,,,,,,,,,,,,,,,,,,,,,,,,,,,,,,,,,,,,,,
R_57qaq5jPajUBInI,2023,King,Water Utility,,,,,,,,,,,,,,,,,,,,,,,,,,,,,,,,,,,,,,,,,,,,1.94,0,0,0,0,0,0,1.864,0,,0.071,0,0,1.843,3,8432,1,1,2376408,63,0.03,0.09,2.3,0,0,7.4,30,0,0,,0,325,156,8084,157,,,,,,15,,,,1292373,1571303
R_6WO9UxmsJjDcnl4,2023,Stanley,Wastewater Service,2341,167,,,0.378,0.378,,12,35,10,,,,,,,,,0,,,,,,,,,,,,,,,,,,,,,,,,,,,,,,,,,,,,,,,,,,,,,,,,,,,,,,,,,,,,,,,,,,,,,,
R_6fouHrlWEvxaQIe,2023,Lenoir,Water Utility,,,,,,,,,,,,,,,,,,,,,,,,,,,,,,,,,,,,,,,,,,,,6.44,0,0,0,0,0,0,6.39,0,,0,0,0,5.49,12,50370,6,1,5073669,53,0.055,0.12,1.9,0.79,0.02,8.5,18,,,,0,220,227,9048,1075,,,,,,13.5,,,,842786,4188579
R_85KWtbbdhs6YE4e,2023,Yadkin Valley Sewer Authority,Wastewater Service,2413,564,1.8,0.897,,0,1,23,92,17.3,116.79,116.79,99.3,97.1,,,,,13,,13,,0,0,0,0,,,,0,0.897,1419918,,,,,,10,,,,873019,1050979,,,,,,,,,,,,,,,,,,,,,,,,,,,,,,,,,,,,,,,,,,,,,,
R_8ArMlECVBE7W97M,2023,Lenoir,Wastewater Service,,,,,,0,2,16,221,5.4,1019,1019,98.5,96.1,,,,,1,60,1,1,0,0,0,0,,,,0,0,1652774,,,,,,14,,,,576487,3123427,,,,,,,,,,,,,,,,,,,,,,,,,,,,,,,,,,,,,,,,,,,,,,
R_8HWRK1OIV6HSDKC,2023,Shallotte,Wastewater Service,1959,408,,,0.47,0.49,,26,19,59,,,,,,,,,2,240,,,,,,,,,,,,52534.96,,,,,,11,,,,779323,2768178,,,,,,,,,,,,,,,,,,,,,,,,,,,,,,,,,,,,,,,,,,,,,,
R_9QRTQjjUPgoWGua,2023,Surf City,Water Utility,,,,,,,,,,,,,,,,,,,,,,,,,,,,,,,,,,,,,,,,,,,,0,0,0,0,0.739,0,0,0.726,0,,0,0,0,0.495,2.6,2417,1,1,1246833,12,,,3.1,0,0.05,7.65,180,,,,0,46,40,4371,328,,,,,,7,,,,1036230,3762873
R_9p2yDCzqVW1gIWq,2023,Greenville Utilities Commission,Wastewater Service,29872,2860,17.5,10,8.16,0,1,44,438,93,2454,2454,99.6,99.6,,,,,8,15,,,0,3,0,1,,,,0,0,,,,,,,54,,,,6538648,6569613,,,,,,,,,,,,,,,,,,,,,,,,,,,,,,,,,,,,,,,,,,,,,,
R_a4NSF2ELharLUnY,2023,Hickory,Wastewater Service,15986,2597,16.5,5.63,5.17,0.41,3,76,490.6,52.25,3137,2845,98,98,,,,,19,96,,,14,12,0,14,,,,0,2055,9006977,,,,,,57.5,,,,3226672,4869164.5,,,,,,,,,,,,,,,,,,,,,,,,,,,,,,,,,,,,,,,,,,,,,,
R_bjfcQpncpxYqwAu,2023,Hickory,Water Utility,,,,,,,,,,,,,,,,,,,,,,,,,,,,,,,,,,,,,,,,,,,,12.66,0,0,0,0,0,0,12.64,0.07,,0,0,0,10.9,32,8760,10,1,11419800,63,0.02,0.09,2.12,1.3,0.04,8.3,1,,,,0,892.71,460,33602,3615,,,,,,50.5,,,,3303883,6144353.5
R_ehwaL67i8VqEwDQ,2023,Oriental,Water Utility,,,,,,,,,,,,,,,,,,,,,,,,,,,,,,,,,,,,,,,,,,,,,,,,0.186,,,0.155,,,0,0,0,0.094,0.36,182,2,1,8949,,,,,,,7.6,103,,,,1,,3,732,85,,,,,,3,,,,56831,343650
R_5vC9pm4ulHpem4m,2023,Wilson,Wastewater Service,18993,1852,14,7.95,4.13,0,1,21,328,21,2308.5,2308.5,99.96,100,,,,,18,20,0,0,0,6,0,0,,,,0.23,0,9030211,,,,,,59,,,,4187645.35,4223575.87,,,,,,,,,,,,,,,,,,,,,,,,,,,,,,,,,,,,,,,,,,,,,,
R_6eY7OSp2JVseFym,2023,Greenville Utilities Commission,Water Utility,,,,,,,,,,,,,,,,,,,,,,,,,,,,,,,,,,,,,,,,,,,,15.53,0,0,0,,0,0,14.71,0,,0,0,0,12.04,32,8687,1,1,9348000,22,0.03,0.15,4.29,0.789,0.05,8.3,39,4.5,5.3,,0,725,41,34324,4715,,,,,,63.5,,,,6720088,7063631
R_b7qfwhQUOIFwbMa,2023,Yadkin County,Water Utility,,,,,,,,,,,,,,,,,,,,,,,,,,,,,,,,,,,,,,,,,,,,0,1.2,0,0,0,0,0,0.2,1.2,,0,0,0,0.006,0,0,2,0,44834.4,0.06,0,0,2.2,0,0,0,0,0,0,,0,24,0,128,31,,,,,,1,,,,0,625135.06
R_1AFiokJE5IttpKS,2023,Mebane,Wastewater Service,5638,405,2.5,1.59,,0.022,1,21,126.45,27.78,497.6,313,99.3,99.3,,,,,1,30,,,0,1,0,2,,,,,,3075120,,,,,,6,,,,733518,1289654,,,,,,,,,,,,,,,,,,,,,,,,,,,,,,,,,,,,,,,,,,,,,,
R_4IyTwW5P5BC0B5s,2023,Morganton,Water Utility,,,,,,,,,,,,,,,,,,,,,,,,,,,,,,,,,,,,,,,,,,,,6.864,0,0,0,0,0,0,6.803,0,,0,0,0,,18,551880,8,1,,0.055,0.064,0.097,1.7,,0.1,7.8,30,,,,0,332.82,94,12004,1807,,,,,,,,,,,
R_ezViG63W9Cu3eJ0,2023,Statesville,Wastewater Service,,,12,4.66,2.36,0,2,20,278.6,25.9,943,943,97,96,,,,,,,,,1,0,0,1,,,,0.04,4.62,13601500,,,,,,24,,,,1515543,2798668,,,,,,,,,,,,,,,,,,,,,,,,,,,,,,,,,,,,,,,,,,,,,,
R_1UkBJNCLas7Ipmu,2023,Statesville,Water Utility,,,,,,,,,,,,,,,,,,,,,,,,,,,,,,,,,,,,,,,,,,,,3.56,0,0,0,0,0,0,3.3,0,,0,0,0,2.74,15,87600,0,1,1281917,0.049,0.012,0.055,1.86,1.22,0.08,8.3,28,0,0,,0,292,102,10510,1984,,,,,,11,,,,919711,1782123
R_3WvOVscDL4TS0Xf,2023,Forest City,Wastewater Service,3435,736,4.95,507.42,562.02,0,1,25,101.2,21,,415.18,98.86,98.7,0,0,4.3,,2,30,2,30,0,0,0,0,0,0,0,0,507.42,2100638,,4,,5,1,5,,,,480000,740000,,,,,,,,,,,,,,,,,,,,,,,,,,,,,,,,,,,,,,,,,,,,,,
R_7HbhzMee7X2oMkC,2024,Anson County,Water Utility,,,,,,,,,,,,,,,,,,,,,,,,,,,,,,,,,,,,,,,,,,,,7.8,0,0,0,0,0,0,7854,0,132,0,0,0,3.05,16,1,2,1,,77,0.09,0.36,3.89,1.19,0.13,8.7,2.1,4000,5500,,1,600,105,4700,200,350,8,1,13,5,37,4156090,3816400,105,1352916,4457940
R_3JbigArlaYNWkgP,2024,Mount Gilead,Wastewater Service,495,77,,,,0,1,14,,,18,0,0.95,0.95,0,0,1.38,3.73,0,,0,,0,0,0,0,,,,0,0,,,1,1,1,1,1,,,,,,,,,,,,,,,,,,,,,,,,,,,,,,,,,,,,,,,,,,,,,,,,,,,
R_3gwPnau4qbs7rx0,2024,New Bern,Water Utility,,,,,,,,,,,,,,,,,,,,,,,,,,,,,,,,,,,,,,,,,,,,,,,,3.73,,,3.62,,,,,,3.1,7.62,1,3,1,,19,,,1.42,0.89,0.11,8.2,2.99,0,0,0,0,345.6,8,18065,1648,1361,7,2,22,3,4,12005742,12163426,683000,3833654,3195136
R_6KqsbFaLUbutCES,2024,New Bern,Wastewater Service,20759,1847,6.94,4.16,3.37,,2,109,181.38,261.32,1501,1501,99.4,100,7384,0,10.29,1.34,4,45,,,0,3,0,5,3210,20995,2023162,,1.34,,,21,2,20,3,,1461000,13623463,12985617,3571621,4559945,,,,,,,,,,,,,,,,,,,,,,,,,,,,,,,,,,,,,,,,,,,,,,
R_7CBLvPtLNeJup1k,2024,Washington,Wastewater Service,4303,1048,3.65,2.34,1,,1,32,81.9,32.1,267.07,,99,98,4400,,6.83,0.97,4,10,,,0,2,0,0,,,,,,3213505,,5.5,0,6.5,3,,26161800,3999100,3896234,1378259,1784027,,,,,,,,,,,,,,,,,,,,,,,,,,,,,,,,,,,,,,,,,,,,,,
R_36jqVCizdj6g59f,2024,Jacksonville,Water Utility,,,,,,,,,,,,,,,,,,,,,,,,,,,,,,,,,,,,,,,,,,,,0,0,0,0,4.1,0,0,3.65,0.05,0,0,0,0,3.18,10.15,35,2,1,,44,0.36,0.8,1.63,1.2,0,8.64,68,,,,0,290,119,17194,232,12890,3,13,25,4,4,10198430,9433560,7653761,3287630,20478732
R_1NPRJQO6XExs1DH,2024,Washington,Water Utility,,,,,,,,,,,,,,,,,,,,,,,,,,,,,,,,,,,,,,,,,,,,0,0,0,0,3.32,0,0,2.55,0,1.27,0,0,0,0.93,5.45,8,,1,2056573,22.5,0.07,0.16,3.81,0.89,0.07,7.86,4.09,0,0,0,0,121,4,4278,1039,162,10.5,0,5.5,3,,3671800,3885025,9236500,1312647,3048888
R_3wn3NrgwHQhhRMV,2024,Dunn,Water Utility,,,,,,,,,,,,,,,,,,,,,,,,,,,,,,,,,,,,,,,,,,,,2.98,0,0,0,0,0,0,2.99,0,1.32,0,0,0,2.48,8,1,2,1,2433556,43,0.09,0.29,3.5,1,0.07,9.2,64,12,14.4,1.27,0,115,277,3965,842,1172,8,0.8,14.36,13.68,7,4923950,4621906,880000,1571067,1221937
R_1gvgnb6vKqidn4S,2024,Lake Waccamaw,Water Utility,,,,,,,,,,,,,,,,,,,,,,,,,,,,,,,,,,,,,,,,,,,,0,0,0,0,0.16,0,0,0.16,0,0,0,0,0,0.12,0.25,3,0,0,10796,0.28,0,0,2.2,0,0,0,0,0,0,0,0,16,1,965,57,20,0,0,1,1,1,474301,420400.3,0,186402.99,456441.28
R_7M3WfPpGliJl9zQ,2024,Jacksonville,Wastewater Service,17194,2432,10,4.85,4.32,0.03,1,46,233,90,,,90,75,4020,0,,,5,30,7,60,0,0,0,0,1250,1440,497247,0,0,,,11,13,14,4,18,15379840,15308748,15018597,1377421,8012062,,,,,,,,,,,,,,,,,,,,,,,,,,,,,,,,,,,,,,,,,,,,,,
R_5q9T0W5MBOomUY4,2024,OWASA,Water Utility,,,,,,,,,,,,,,,,,,,,,,,,,,,,,,,,,,,,,,,,,,,,2833,,,,,,,2894,,,245.9,,,,20,3,3,1,5383,30.2,,,,0.7,0,,2,7.4,3.3,0,0,400,44,22104,2511,1177,23,18,26,4,,24438082,,119800000,5330873,10097840
R_6eDUYxj35AAI0Gp,2024,OWASA,Wastewater Service,18272,1925,14.5,1717,,,1,21,338,14,1128,1087,99,99,4002,0,11.8,1.01,13,30.5,,,0,2,0,0,1.8,0.4,8900000,245.9,,9238,127,13,18,22,4,,45600000,,,3430953,7613904,,,,,,,,,,,,,,,,,,,,,,,,,,,,,,,,,,,,,,,,,,,,,,
