ResponseId,a_fiscal_year,a_jurisdiction,a_service,qbi01,qbi02,qbi03,qbi04,qbi05,qbi06,qbi07,qbi08,qbi09,qbi10,qbi11,qbi12,qbi13,qbi14,qbi15,qbi16,qbi17,qbi18,qbi19,qbi20,qbi21,qbi22,qbi23,qbi24,qbi25,qbi26,qbi27,qbi28,qbi29,qbi30,qbi31,qbi32,qbi33,qbi34,qbi35,qbi36,qbi37,qbi38,qbi39,qbi40,qbi41,qbi42,qbi43,qbi44,qbi45,qbi46,qbi47,qbi48,qbi49,qbi50,qbi51,qbi52,qbi53,qbi54,qbi55,qbi56,qbi57,qbi58,qbi59,qbi60,qbi61,qbi62,qbi63,qbi64,qbi65,qbi66,qbi67,qbi68,qbi69,qbi70,qbi71
R_08jJm9SRKDdVgNw,2022,Chapel Hill,"Building Plan Review, Permit, and Inspections",,,,,,,0,,,,,,,,,,,0,,0,,6298,2440,,,,,,1390,,,,,2773,2424,2803,1474,,,,,,,,,0,,,,,,,,,,,,,,,,,,,,,7,,,,
R_1SNeEc75fM5yaQC,2022,Goldsboro,"Building Plan Review, Permit, and Inspections",,,,,,,0,,,,,,,,,,,0,,0,,4063,2215,,,,,,1632,,6820,,,1669,2355,1712,1084,,,,,,,,,0,,,,,,,,,,,,,,,,,,,,,4,,,,
R_2gWKM0fuBCKpUwK,2020,Chapel Hill,"Building Plan Review, Permit, and Inspections",,,,,,,0,,,,,,,,,,,0,,0,,,,,,,,,1876,,9478,,,2876,2596,2712,1771,,,,,,,,,0,,,,,,,,,,,,,,,,,,,,,7,,,,
R_5ptDbnyV2G3NpHM,2023,Raleigh,"Building Plan Review, Permit, and Inspections",3261,12862,7,10,,,842,62,,11,1573,936,,,,,,15382,,0.08,0.25,94283,41492,,,10720,4331,,15395,,102738,,,32090,42567,32310,22413,,,,,,,,,2131.666667,,,,,,,,,,,,,,,,,,,,,32,,,7625789,630037
R_6JTpHYN1rdsU570,2023,Goldsboro,"Building Plan Review, Permit, and Inspections",307,137,15,30,,,95,112,,9,114,23,,1502,772,386,,3510,,12,10,,,,,,,,1976,,7260,,,1736,2529,1747,1248,,,,,,,,,112,,,,,,,,,,,,,,,,,,,,,3,,,545227,40944
R_6V8lXKKFINmHdMG,2020,Winston-Salem,"Building Plan Review, Permit, and Inspections",,,,,,,0,,,,,,,,,,,0,,0,,12216,2164,,,,,,,,54679,,,16832,23209,17092,12910,,,,,,,,,0,,,,,,,,,,,,,,,,,,,,,18,,,,
R_6XqSaob3u1XwpLg,2021,Chapel Hill,"Building Plan Review, Permit, and Inspections",,,,,,,0,,,,,,,,,,,0,,0,,,,,,,,,1384,,7888,,,2382,2134,2216,1258,,,,,,,,,0,,,,,,,,,,,,,,,,,,,,,6,,,,
R_8i6a3OJDb8JAJUO,2020,Wilson,"Building Plan Review, Permit, and Inspections",,,,,,,0,,,,,,,,,,,0,,0,,,,,,,,,2320,,8353,,,2384,2408,2168,1393,,,,,,,,,0,,,,,,,,,,,,,,,,,,,,,4.5,,,825279.27,62726.81
R_0GwUHKAd2aE5WTk,2023,Wake Forest,"Building Plan Review, Permit, and Inspections",1855,154,7.23,9.89,,,652,29,,0,157,62,,268,789,167,,1993,,2,1,29245,3225,,,1827,1267,,13895,,33978,,,10359,6346,4887,6057,,,,,,,,,456,,,,,,,,,,,,,,,,,,,,,14,,,1896396,123263
R_3kpORQinpD1oHmS,2021,Raleigh,"Building Plan Review, Permit, and Inspections",,,,,,,0,,,,,,,,,,,0,,0,,68991,33485,,,,,,10316,,99196,,,25234,35721,24433,17088,,,,,,,,,0,,,,,,,,,,,,,,,,,,,,,43,,,,
R_3qmvYDX0cL7nYHQ,2021,Greensboro,"Building Plan Review, Permit, and Inspections",,,,,,,0,,,,,,,,,,,0,,0,,45683,18931,,,,,,,,56214,,,19724,17616,15338,11936,,,,,,,,,0,,,,,,,,,,,,,,,,,,,,,16,,,,
R_8q9VZFI0rvY2hPU,2023,Chapel Hill,"Building Plan Review, Permit, and Inspections",4382,366,,19,,,228,17,,1,936,116,,374,977,204,,1662,,15,19,7530,4333,,,4508,2409,,1985,,,,,4004,4616,3381,1696,,,,,,,,,1018,,,,,,,,,,,,,,,,,,,,,7,,,2141763.6,172283.6
R_0xfpBToVg0mjjo2,2022,Asheville,"Building Plan Review, Permit, and Inspections",1707,1005,,,,,294,6536,,16,960,1018,,1198,4119,762,,16654,,0,,20477,12168,,,6319,6354,,,,137,,,10823,9401,7277,5570,,,,,,,,,0,,,,,,,,,,,,,,,,,,,,,19,,,4545963,507865
R_3jUOpOfzP50ai3k,2022,Apex,"Building Plan Review, Permit, and Inspections",,,,,,,,,,,,,,,,,,,,,,35483,3531,,,,,,13529,,38983,,,15905,8714,6332,8228,,,,,,,,,0,,,,,,,,,,,,,,,,,,,,,16,,,,
R_4UgAYsCoQHlUisC,2023,Asheville,"Building Plan Review, Permit, and Inspections",1689,948,,,,,312,6667,,21,944,1012,,1439,3756,759,,16180,,0,,20272,14995,,,6275,8241,,,,143,,,11840,10430,7554,5923,,,,,,,,,0,,,,,,,,,,,,,,,,,,,,,19,,,4560107,433800
R_5nWKO7PUysz1foO,2020,Greensboro,"Building Plan Review, Permit, and Inspections",,,,,,,0,,,,,,,,,,,0,,0,,39402,21447,,,,,,,,54156,,,18482,17346,14327,10694,,,,,,,,,0,,,,,,,,,,,,,,,,,,,,,16,,,,
R_8hScQqgOZffIcWW,2023,Winston-Salem,"Building Plan Review, Permit, and Inspections",,,,,,,1430,637,,53,1646,,,6456,8407,3509,,18372,,0,,12345,2743,,,,,,12919,,58296,,,15312,25622,20621,15250,,,,,,,,,0,,,,,,,,,,,,,,,,,,,,,34,,,2926445.81,821501.61
R_9KLqtAlxU17fK1o,2022,Winston-Salem,"Building Plan Review, Permit, and Inspections",,,,,,,0,,,,,,,,,,,0,,0,,10469,1624,,,,,,,,53279,,,15682,22545,17791,14150,,,,,,,,,0,,,,,,,,,,,,,,,,,,,,,20,,,,
R_blQSNlNbgWQRTnw,2020,Goldsboro,"Building Plan Review, Permit, and Inspections",,,,,,,0,,,,,,,,,,,0,,0,,3283,2200,,,,,,1356,,5683,,,1440,2139,1317,787,,,,,,,,,0,,,,,,,,,,,,,,,,,,,,,4,,,,
R_cTlh6XMFt1K0vmm,2023,Wilson,"Building Plan Review, Permit, and Inspections",441,122,3,10,,,126,19,,12,271,147,,852,1245,627,,2728,,6,10,,,,,,,,3015,,,,,3130,2941,2618,1807,,,,,,,,,457,,,,,,,,,,,,,,,,,,,,,4,,,1016081.76,611877.58
R_2fUMTLO6YtAmdtY,2021,Winston-Salem,"Building Plan Review, Permit, and Inspections",,,,,,,0,,,,,,,,,,,0,,0,,11822,1562,,,,,,,,52134,,,16378,23238,18280,13725,,,,,,,,,0,,,,,,,,,,,,,,,,,,,,,19,,,,
R_3madPWRnoXuipvg,2021,Wake Forest,"Building Plan Review, Permit, and Inspections",1957,208,3.64,7.07,,,807,30,,0,155,60,,210,849,166,,1705,,2,1,24456,2328,,,1902,955,,10089,,26945,,,8094,4729,3752,5009,,,,,,,,,204,,,,,,,,,,,,,,,,,,,,,12,,,1577418,99626
R_3pY3rmFAsZm1zpk,2021,Wilson,"Building Plan Review, Permit, and Inspections",,,,,,,0,,,,,,,,,,,0,,0,,,,,,,,,2267,,8172,,,2370,2564,1973,1265,,,,,,,,,0,,,,,,,,,,,,,,,,,,,,,4.5,,,909577,119871.69
R_6l3KUoo48K3y2kC,2022,Wake Forest,"Building Plan Review, Permit, and Inspections",1982,205,5.61,9.96,,,701,42,,0,160,77,,321,903,181,,2120,,2,1,26758,2633,,,1907,1183,,12170,,29920,,,8616,5278,4379,5536,,,,,,,,,266,,,,,,,,,,,,,,,,,,,,,13,,,1711422,116139
R_8791KWzZaxIEpro,2021,Asheville,"Building Plan Review, Permit, and Inspections",1501,794,,,,,330,5625,,46,931,909,,1075,4095,734,,15288,,0,,20047,11343,,,6159,4848,,,,135,,,10910,9003,7307,5432,,,,,,,,,0,,,,,,,,,,,,,,,,,,,,,19,,,4145067,298674
R_9nRf0qfwQ7AqaDY,2022,Greensboro,"Building Plan Review, Permit, and Inspections",,,,,,,0,,,,,,,,,,,0,,0,,45163,18444,,,,,,,,52794,,,18352,17224,16128,11903,,,,,,,,,0,,,,,,,,,,,,,,,,,,,,,16,,,,
R_eLhOi0VCmdV1xqK,2023,Apex,"Building Plan Review, Permit, and Inspections",3361,474,7,6,,,951,24,,2,1118,194,,475,1142,294,,77,,3.8,3.4,36064,3284,,,8094,1901,,15723,,38348,,,16177,8599,6170,7402,,,,,,,,,0,,,,,,,,,,,,,,,,,,,,,17,,,2541717.53,264024.12
R_0pMCLlQ4A0gCxNQ,2023,Greensboro,"Building Plan Review, Permit, and Inspections",1360,514,14,21,,,465,94,,8,1372,796,,6954,6794,2985,,16733,,15,21,47433,19967,,,,,,,,52943,,,19442,19652,16135,12171,,,,,,,,,0,,,,,,,,,,,,,,,,,,,,,16,,,3345889,269915
R_5143c66TxNaHuJw,2021,Apex,"Building Plan Review, Permit, and Inspections",,,,,,,,,,,,,,,,,,,,,,40889,3785,,,,,,15390,,44565,,,18756,9829,6899,9190,,,,,,,,,0,,,,,,,,,,,,,,,,,,,,,10,,,,
R_6XtOJGJYQ9DzCYe,2020,Apex,"Building Plan Review, Permit, and Inspections",,,,,,,,,,,,,,,,,,,,,,49201,8017,,,,,,20348,,52188,,,24127,11871,8849,12371,,,,,,,,,0,,,,,,,,,,,,,,,,,,,,,12,,,,
R_aXHpBs2AIQJoRgy,2020,Raleigh,"Building Plan Review, Permit, and Inspections",,,,,,,0,,,,,,,,,,,0,,0,,57986,39026,,,,,,10430,,94528,,,24073,33669,23479,15791,,,,,,,,,0,,,,,,,,,,,,,,,,,,,,,43,,,,
R_aabR8OKHvigoa8e,2021,Goldsboro,"Building Plan Review, Permit, and Inspections",,,,,,,0,,,,,,,,,,,0,,0,,3457,2650,,,,,,1632,,6266,,,1554,2149,1593,970,,,,,,,,,0,,,,,,,,,,,,,,,,,,,,,4,,,,
R_bHJ6Ei2Wj096so6,2022,Raleigh,"Building Plan Review, Permit, and Inspections",,,,,,,0,,,,,,,,,,,0,,0,,74306,38507,,,,,,11149,,100710,,,26163,36163,25504,18480,,,,,,,,,0,,,,,,,,,,,,,,,,,,,,,42,,,,
R_cShewBWN3dtnv0O,2022,Wilson,"Building Plan Review, Permit, and Inspections",,,,,,,0,,,,,,,,,,,0,,0,,,,,,,,,2247,,10225,,,3499,2713,2310,1703,,,,,,,,,0,,,,,,,,,,,,,,,,,,,,,4.5,,,976146.9,354963.44
R_e5RUrzmO0iQFUMK,2023,Holly Springs,"Building Plan Review, Permit, and Inspections",1702,1274,2.71,6.17,,,527,26,,7,389,55,,1238,761,76,,2499,,2.59,2.11,29804,4356,,,3458,886,,,,,,,10715,6445,4265,4742,,,,,,,,,8641,,,,,,,,,,,,,,,,,,,,,12,,,1195913,244603
R_6J45xCZ8NJ8HdWD,2023,Sampson County,"Building Plan Review, Permit, and Inspections",432,11,4,7,432,7,155,11,,189,270,40,,1349,903,621,,,3702,2,2,,,,189,272,50,,,,,,,829,1349,903,621,,,,,,,,,,,,,,,,,,,,,,,,,,,,,,4,,,,
R_5dFbjoqtNdp9VYW,2024,Greensboro,"Building Plan Review, Permit, and Inspections",876,280,5,11,,,722,100,916,10,1104,624,,7444,6792,3813,,234,21759,,,44441,20914,,,,,,14451,6199,36314,17816,,19359,18045,15244,12707,,4259,7218,5488,3685,,,,,,,,,26750,,,,,,,,,,,,,,,,20,7,,3714251,371546
R_3iUwmBlS98Nm0t5,2024,Swansboro,"Building Plan Review, Permit, and Inspections",60,14,5,7,74,6,24,5,0,4,32,9,0,60,154,23,4,186,546,5,7,1737,,,,,,,,,0,0,0,599,281,323,187,13,,,,,,,,225,,,,,5987.03,3879.5,99535.37,,9780,,,,,,,,,,,,1,1,2,44051.09,2979.3
R_3fkBCqtbZMDVciq,2023,Swain County,"Building Plan Review, Permit, and Inspections",109,24,7,7,2,20,84,3,1,36,23,4,0,323,327,167,,,1037,5,7,2359,,,195,,,,50,10,2359,,195,909,442,510,303,,50,50,15,15,57,,,273,,2,,,4884,,47718.11,,,,20300.24,,,5300,,,,,,,3,0,,201518.49,40880.27
R_6uOtiXi9OdWfFZZ,2024,Mecklenburg County,"Building Plan Review, Permit, and Inspections",3983,3375,10,9,870,1484,3497,5197,1010,36,8126,4389,0,37427,24956,9962,35,5028,99627,1,1,103088,16906,14759,0,129191,79183,0,0,0,245342,150371,0,125858,11786,56031,45145,2441,0,0,0,0,0,1824,93,3007,,,,33228,139108,0,15139005,0,0,0,29589593,0,0,21418,0,0,16100,0,0,16100,162,84,31,31651387,13589862
R_3pgLchgqNiXEzlS,2023,Scotland County,"Building Plan Review, Permit, and Inspections",6,7,2,5,148,8,59,7,,74,40,122,1,286,352,112,43,352,1096,2,5,1249,1249,,250,,,,,,1249,1249,250,1848,346,351,98,62,281,43,54,16,,148,11,,8,1,1,,1500,,139968.8,,300,,121161,,130,21675,,,11922,,,,3,3,,372496,27850
R_1behyackcVJesIV,2024,Lincoln County,"Building Plan Review, Permit, and Inspections",1511,608,2,13,759,,647,35,0,58,222,62,0,412,1277,227,0,904,3844,4,56,35224,2164,0,883,4229,884,0,7325,374,35199,2158,878,37388,6217,4368,4536,0,7699,1371,882,1246,0,78,160,60,160,33,33,30,7977,,1523485,,,18200,203130,,,18775,,,,,,,11,7,0,1637025,534077
R_1954LFnnQVfErvF,2024,Raleigh,"Building Plan Review, Permit, and Inspections",3013,12251,3,7,6212,1486,1717,55,4327,16,1174,958,6,10885,7276,5494,1875,32086,57616,0,0,77703,24414,3672,103,5481,4903,4,10100,1512,76148,23925,78,53109,29411,23313,20565,7613,4950,2439,2301,1922,137,2556,207,48127,207,0,0,2295,31223,1416500,7171163,0,1154240,865446,5408840,0,206050,5363,0,0,0,0,0,0,68,1,0,6908812,451844
R_3dwpZoYsMLXCIhz,2024,Durham County,"Building Plan Review, Permit, and Inspections",4539,966,5,5,,,2116,104,930,,2423,862,,11585,10323,4130,,,31529,,,,,,,,,,,,,,,26569,29501,23713,19614,,,,,,,,,,,,,,35800,,,,,,,,,,,,,,,,48,11,3,6489360,217912
R_6mRGi9joAuiESiZ,2024,Rockingham,"Building Plan Review, Permit, and Inspections",66,10,1,14,,8,9,2,,5,54,12,,106,213,19,8,,545,1,14,700,600,,39,700,600,39,,,,,,,,,,,,,,,,,,,96,4,18,800,,,,,360,,,,,870,,,,,,,2,3,,,
R_35MX8M0JRdT3OgE,2023,Wayne County,"Building Plan Review, Permit, and Inspections",782,46,3,5,,20,475,66,0,226,221,14,25,1918,1514,716,46,,5351,14,21,9000,1300,0,500,3000,210,75,,,,,,,,,,,,,,,,,,,,5,5,40,10000,,,,,,,,,,,,,,,,5,2,0,557435,160000
R_3SGq0On1gRFTQEg,2023,Elizabeth City,"Building Plan Review, Permit, and Inspections",260,10,14,30,0,0,187,10,85,0,25,2,0,187,187,187,0,10,945,14,30,980,50,85,0,120,25,0,18,3,900,10,0,850,0,0,0,0,22,6,30,15,0,0,0,6,28,3,6,0,9850,0,34158528,444060864,9000,,191513759,4404816457,6500,0,0,0,0,0,0,0,2,9,2,235221.29,36643.29
R_5E9OVEXLWGfzo2D,2024,Brunswick County,"Building Plan Review, Permit, and Inspections",,2100,,,3618,567,2750,494,1062,292,471,79,,7550,4418,3847,446,39106,43499,,,78999,9767,,102,395,280,,21935,2610,26142,2700,88,94108,21420,17085,22364,2656,25218,5526,4094,5394,519,,,,,232,2,,,,6140417,,"220,875",,1777572,,16200,106700,,,,275,,2885,28,30,3,5538089,422769
R_3CjNIwpn5WoWY47,2024,Goldsboro,"Building Plan Review, Permit, and Inspections",296,112,15,30,,61,118,28,,8,120,13,0,1365,933,422,355,927,4218,10,10,5731,3416,,,,,,,,5731,3416,,2305,3100,2084,1664,61,472,913,812,490,,,,0,,6,6,2684,2436,21135,72127,0,3075,15350,160985,0,100,3410,0,0,35588,0,0,1220,3,3,1,544514,45059.44
R_3m7ZBZISLX2ilSV,2024,McDowell County,"Building Plan Review, Permit, and Inspections",187,6,14,14,,,187,7,,51,57,0,0,371,441,69,,,,10,10,,,,,,,,,,,,,,,,,,,,,,,,,,,,,,,,,,,,,,,,,,,,,,,,,,
R_3YfBtj0L4WV0PwR,2024,Burke County,"Building Plan Review, Permit, and Inspections",,,,,,7,,,,,,,,,,,110,,110,,,,,,,,,,,,,,0,270,,,,7,,,,,0,,,2,530,,,,,,,,,,,,,,,,0,150,1100,0,1,2,0,75425,3000
R_1BQR8FzxE7zNXe3,2023,Rocky Mount,"Building Plan Review, Permit, and Inspections",550,211,1,10,482,344,115,209,130,75,,,,1001,1267,594,208,2421,5491,,,,,130,488,,,,,,,,,3361,2540,2302,2509,2687,865,611,357,538,,502,232,395,,42,,,11066.88,24575,203785,,3075,24575,121329.36,,,9625,,,78375,,,1000,6,5,,1150342,79016.65
R_3Y7ZRRcCz4YC5YB,2023,Ocean Isle Beach,"Building Plan Review, Permit, and Inspections",37,4,5,10,41,5,35,4,0,2,100,11,0,179,462,64,0,1155,1309,5,10,2440,2440,0,2,,,0,,,,,,,,,,,,,,,,,,,,,,,,,,,,,,,,,,,10050,150,0,0,2,2,1,605344.61,65079.08
R_1GcGm3axVuCTZF7,2024,Randolph County,"Building Plan Review, Permit, and Inspections",1,110,2,5,,,391,43,0,142,87,42,15,1784,1535,1221,,,5358,1,5,,,0,,,,,,,,,,8243,5565,2749,2619,,2657,1603,673,559,,,,35,,,,,7855,,,,,,,,,22800,,,,,,,12,3,0,,
R_1PIbDjdK0KlmJhq,2024,Fayetteville,"Building Plan Review, Permit, and Inspections",5090,1042,6,18,3297,1345,447,49,270,50,712,377,50,4985,4903,3018,472,1359,16420,1,1,20058,6601,2041,279,2184,2891,0,3682,1107,22521,9492,279,6358,8089,6233,5076,345,1048,1965,1922,1266,0,816,,509,4789,62,62,7440,14070.41,185227852,155098197,868794.2,86710,989448.4,,0,15270,5010,0,1490,103464.65,,,42377.15,16,10,1,,119253.61
R_6YSxdVqMIq6j9ol,2024,Wilson County,"Building Plan Review, Permit, and Inspections",490,30,7,14,300,30,660,15,0,75,100,15,10,,,,215,200,1500,1,1,2361,475,0,375,50,90,50,787,75,2361,475,375,14180,2000,1750,1750,120,5672,1200,350,438,10,100,100,240,35,10,18,,17000,200,350000,350000,7500,,50000,50000,0,22500,22500,750,12375,0,0,0,0,2,0,330000,275000
R_1ISGMI1UbXFWxJF,2024,Pasquotank County,"Building Plan Review, Permit, and Inspections",116,32,2,45,8,,81,32,,35,214,,,289,296,158,1,178,1628,2,,2672,137,,154,485,,,,,3171,137,154,334,328,320,165,123,,,,,,569,668,183,361,12,12,100,4200,,262396,,3450,4000,54819,,0,11750,,900,,,,,2,3,1,251917,34428
R_7C8b0DKQlX9almS,2024,Guilford County,"Building Plan Review, Permit, and Inspections",3,3,9,16,,,677,48,408,104,,,,2068,612,725,,2914,6004,9,12,,,,,,,,,,,,,9420,4906,9393,5031,80,,,,,,,,,,,,,26645,,,,,,,,,,,,,,,,13,20,1,,
R_582i4BPO9qajsS5,2023,Alleghany County,"Building Plan Review, Permit, and Inspections",87,18,,5,,,138,4,0,,45,13,,1835,1771,7,86,,3613,1,5,,,,,,,,,,,,,,,,,,,,,,,,,,0,0,0,5,3000,0,73500,0,0,0,0,0,0,,,,3440,0,0,0,1,1,0,144998,12347
R_3XBIFtTbREj1IRz,2024,Chatham County,"Building Plan Review, Permit, and Inspections",1246,899,5,7,,,498,102,477,56,427,110,,,,,,2817,4010,6,21,24842,4256,477,,3096,1398,,7140,958,,,,8688,9079,5278,6053,531,2360,2075,1566,1897,12,,,,6,,,,21470,6540,1040125,5880,319200,19160,5247458,600,22320,7100,,7800,29760,4825,0,10324,25,6,3,2734026,212468
R_3XsKImpIssjfcSl,2023,Kings Mountain,"Building Plan Review, Permit, and Inspections",63,59,1,10,,79,63,7,,23,72,47,0,124,272,48,20,113,789,1,3,1560,395,,205,,,,,,,395,,,420,354,59,,,,,,,,,,,,,3,7000,,130450,,,,404500,,,8700,,,,,,8000,3,1,,406500,186400
R_6v2FA8JuFvBosuf,2024,Winston-Salem,"Building Plan Review, Permit, and Inspections",,1700,,10,1712,,1189,175,143,37,1957,729,,7505,8133,3569,,6573,24151,3,,49285,16382,1556,584,27624,11123,,6092,1673,58900,17562,323,29579,19977,15121,14370,,433,3746,4148,2710,,4292,214,649,,,,,10461.7,,2417257.61,,84680,128765,1877360.34,,22000,20975.54,,720,,,,,34,17,1,3241271.79,909162.95
R_1Q01o2aa8MSdFsd,2023,Fuquay-Varina,"Building Plan Review, Permit, and Inspections",1372,113,14,14,,,834,53,56,4,538,55,,677,720,121,,,3407,14,14,23208,1757,197,25,3333,1207,25,12614,9152,12614,9152,25,18067,11684,7875,9631,,6840,3031,1865,2568,,,,,,5,10,550,19391.93,,171992,,27000,,433711,,,,,,,,,,12,8,,2283118,84340
R_1hz0RuLV0mww7lc,2023,Iredell County,"Building Plan Review, Permit, and Inspections",3377,345,2,12,3714,345,3377,345,,62,775,116,,1009,253,267,,485,7807,2,12,57108,41355,,362,3775,504,,12030,8712,57108,41355,362,36260,23645,8850,22300,,10005,4575,1450,4220,,,,250,30,10,5,4405,15000,187860,3569336,,,173034,1380103,,,42000,,,,,,,19,14,1,3515713,243270
R_7nvbRw8i6PGszTv,2024,Wake County,"Building Plan Review, Permit, and Inspections",2863,208,22.8,38.84,,,450,37,,46,1100,51,,,,,,,6114,,,67958,6716,,422,,11232,,21704,1262,13966.36,1707.89,,38647,25401,15857,21967,,12247,4729,3312,3540,,,,,77,,,,,,,,,,,,,,,,,,,,39,8,,,
R_7ANK7fhN4PfECH2,2023,Eden,"Building Plan Review, Permit, and Inspections",127,33,3,5,232,33,55,2,0,6,144,31,27,251,250,145,13,34,958,2,5,1724,265,0,73,,,,527,74,1724,265,73,608,629,397,355,87,146,239,122,104,37,21,9,488,26,0,0,,11000,,84000,,,,25000,,,1750,,,2450,,,,2,2,0,176000,96000
R_6Uf73Vjmt2kiN7G,2024,Alamance,"Building Plan Review, Permit, and Inspections",699,67,8,19,,53,420,33,,57,341,37,,1257,1211,624,131,355,4466,,,7778,195,,556,1642,305,279,2026,83,7123,383,630,8245,2560,2945,2282,,2091,409,523,491,,,,,,4,4,,11060,66380,641431,707811,"1,695.00",10710,219526,230236,36105,48175,,,,,,,8,4,3,1015064,259308
R_7hWsfc8xJjO3oBT,2023,Jones County,"Building Plan Review, Permit, and Inspections",71,1,3,7,0,0,25,1,0,20,21,0,0,96,88,86,0,70,881,3,7,321,15,0,22,38,8,0,0,0,160,8,50,200,150,100,75,0,0,0,0,0,0,0,0,0,0,3,3,100,1325,0,2854862,2854862,500,79,7142,7142,128,,,,2400,0,0,2,1,1,0,93000,30000
R_19tASBgxlcVr5NZ,2024,Cabarrus County,"Building Plan Review, Permit, and Inspections",251,808,2,7,,,3626,776,,15,,,,6946,5907,3410,,,20665,1,7,1,,,,,,,,0,100,100,100,28022,18046,15646,13699,,3103,4640,4364,2045,,,,,,,,,43000,,,,,,,6446024,,,,,,,,,28,5,,2629132,1189907
R_6UgmEkxSdH6awJX,2024,Yadkin County,"Building Plan Review, Permit, and Inspections",,,,,,6,,,,,,,,,,,,,,,,,,,,,,,,,,,,,,,,719,,,,,,,,,,,,,,,,,,,,,,,,,39620,,,400,,,,,
R_3DnVOLgO5ae7tIF,2023,Beaufort County,"Building Plan Review, Permit, and Inspections",247,29,5,5,0,5,247,29,0,94,64,64,0,465,316,23,5,178,1441,7,9,2900,380,0,290,788,,,,0,2900,380,290,1995,1983,856,1133,,30,68,55,5,,0,0,,,,3,1300,2000,0,66906,,2030,,10966,,,8880,,1030,125,,,,2,1,,172283,358000
R_3EYfXILcwYejLRr,2024,Person County,"Building Plan Review, Permit, and Inspections",573,108,10,10,,,132,3,,68,145,53,,357,253,55,,234,1300,10,10,,,84,,,,,,,,,,,920,276,225,,,96,21,22,,,,,,,,,,,,,,,,1500,,21225,,,,,,,5,7,,,
R_31c66kN46JvQ3v6,2023,Mebane,"Building Plan Review, Permit, and Inspections",,23,28,28,,,339,38,168,8,172,57,,1050,794,521,,1169,3994,28,28,7506,1921,218,111,1330,822,,2574,529,,,,3531,2498,1047,926,,2858,757,384,210,,959,182,182,36,3,3,,10530,,2207677.5,,"53,200",2125,1143568,,700,20481,,,,,,,,,,1030166,108910
R_7QXl0WHDWSkxxEs,2024,Wilson,"Building Plan Review, Permit, and Inspections",216,154,3,10,867,154,216,19,120,13,235,129,0,1156,1430,598,78,1022,4896,3,10,,,,,,,,,,,,,2721,3183,2460,2153,26,700,677,536,516,,87,,987,,,,,5221,15877,59667,127450,,8722,73216,36775,,742,,,49658,6000,,28114,5,2,0,1030074,455247
R_3OrinVdT3dNjjhB,2024,Gastonia,"Building Plan Review, Permit, and Inspections",3,93,,,2127,960,1,,,,,,,,,,665,1343,,,,,,,,,,,,,,,,,,,,1497,,,,,0,1057,11,1520,5000,,,,,,,,,,,,,,,,26607,0,200,,,,,,
R_5qC0qOeySF3GpyX,2023,Moore County,"Building Plan Review, Permit, and Inspections",1137,84,10,15,,,643,45,240,77,382,48,,3342,3337,1890,,1683,11187,12,15,11709,,,334,,,,,,,,,6397,5031,4058,5250,1243,,,,,,,,50,,,,,15000,,,,78065,3367.61,,,2615,10340,,,,,,,7,5,,906631.48,137037.13
R_3BB0hQlpVilfDHP,2024,Buncombe County,"Building Plan Review, Permit, and Inspections",2723,1429,3,5,,,1020,151,1958,213,607,225,,1330,529,614,,3685,8375,5,8,43555,5839,1982,1950,6001,1862,,10208,1034,43555,5839,1950,17970,11977,9305,9385,,5290,2423,1805,1619,,,,141,,,,32,19073,2980,1680779,,3440,278150,4102385,,240,68696,,400,,,,,15,8,,2601458,703737
R_73dSM01RplhZ9fS,2024,Holly Springs,"Building Plan Review, Permit, and Inspections",1707,825,6,10,2852,539,576,14,0,2,331,35,0,2362,1541,930,150,2343,8284,7,11,21767,4951,475,31,2224,2020,0,8796,1111,21767,4951,31,10393,6926,4238,5192,393,4302,1955,1542,2094,115,938,403,2115,773,6,9,,15201.18,2200,40077.47,807876.78,132375,45900,29112.83,390751.54,1125,0,400,0,44325,75,0,1050,13,5,0,1525701.25,579016.72
R_5XcXnNaIGerhKNj,2023,Alexander County,"Building Plan Review, Permit, and Inspections",0,19,0,4,69,,84,3,72,63,91,3,0,358,311,254,,487,1726,4,4,4191,116,72,579,336,27,0,587,12,4191,116,579,5321,753,768,830,,211,107,113,156,,,,,,14,14,,,,0,,,,,,,,,,,,,,3,2,0,426240,51855.13
R_3qlcNn5NktOFDhv,2023,Southern Pines,"Building Plan Review, Permit, and Inspections",533,123,5,15,0,0,154,35,276,2,172,40,0,333,521,88,82,290,1730,5,24,2156,490,276,8,688,160,0,0,0,4264,984,8,10831,2233,1966,1239,210,237,152,125,79,0,0,0,2756,0,0,0,0,7200,0,263092.32,0,850,0,256974.76,0,0,250,0,0,0,0,0,0,4,1,1,462521.38,25040.02
R_5GdmtwaQcay7zXg,2023,Hertford County,"Building Plan Review, Permit, and Inspections",10,12,10,10,50,,10,20,0,25,35,10,50,220,155,65,0,100,665,10,15,520,200,0,150,150,25,100,20,0,500,200,100,500,220,155,65,0,5,10,10,5,0,700,20,30,5,5,5,,1000,200,30000,500,0,200,50000,500,0,10000,0,0,0,0,0,0,1,1,0,120000,150000
R_6i2pKXhYTR01D8s,2024,Currituck County,"Building Plan Review, Permit, and Inspections",1266,148,7,14,84,114,373,15,0,12,902,124,8,,,,,206,2632,7,14,8426,795,0,96,,,12,180,21,8426,795,96,,,,,71,161,32,4,8,0,275,185,301,198,15,15,,32870,0,,0,,0,,0,,,0,,,,0,,5,2,0,900000,248440
R_55WUUYWAfcATO7a,2024,Manteo,"Building Plan Review, Permit, and Inspections",123,32,,,18,,5,1,0,0,48,13,0,18,59,0,,20,171,,,14,24,12,0,195,93,0,,,,,0,,,,,,0,0,0,0,0,20,,,,,,,,6300,28118,,,,10244.27,,,0,0,0,0,0,0,0,1.5,1,,,
R_1LU44ypChfPMFcj,2023,Manteo,"Building Plan Review, Permit, and Inspections",136,59,,,14,,2,1,12,0,134,51,0,12,64,2,,,188,,,19,7,,0,242,81,0,0,0,,,0,,,,,,,,,,,,,,,,,,,6900,48120.17,,,2950,41936.28,,,,,,,,,,,,,,
R_6DOf8BCqwZrqSmB,2024,Cary,"Building Plan Review, Permit, and Inspections",2479,1482,1,6,1918,1647,403,29,443,1,1686,864,0,1979,3443,1043,122,321,9784,10,34,41504,9338,3997,15,31410,7416,0,13598,3039,41504,9338,15,16412,17664,10131,7797,1909,5332,4612,3124,2055,309,2027,145,4446,145,8,6,,27075,0,1402398,47300,47300,62400,586389,50550,6800,198,0,0,375,375,375,74657,27,3,1,3956248,71973
R_7kSmP55vjnR9TZt,2024,Rowan County,"Building Plan Review, Permit, and Inspections",0,81,0,4,41,92,622,68,,74,424,63,,3818,2259,1246,,,9386,2,2,31595,,,,,,6861,,,,,,,,,,,,,,,,275,76,,,,,25,3875,0,,,,,,,,,,,,,,,8,3,,847922,
R_66lGilzGmQZjE1S,2024,Apex,"Building Plan Review, Permit, and Inspections",3331,701,4,9.34,149,519,903,47,791,0,669,107,0,629,1143,277,1,436,4212,1,1,26496,2181,791,0,8105,1084,0,3473,531,34601,3265,0,16001,8447,5798,7604,1190,5860,1260,1122,2310,440,1899,4,226,6,10,7,,32139.57,,,,,,,,,,,,,,,,19,5.75,1,2753062.09,426519.46
R_3M3thSD7kOt6MNj,2024,Chapel Hill,"Building Plan Review, Permit, and Inspections",647,357,7,15,623,177,130,54,450,0,491,345,5,529,1181,249,188,75,3032,7,15,2409,1385,,,5619,2780,52,1047,2366,,,,3816,4631,2793,2214,270,685,943,502,387,0,110,193,96,314,62,62,,21070,,875063,,64615,,1503279,,48700,3398,,720,77353,0,0,48400,8,7,1,2311088,195250
R_1P6oQ5SM925VDdz,2022,Mebane,"Building Plan Review, Permit, and Inspections",,49,28,28,,,389,23,48,6,183,89,,1152,837,562,,512,4193,28,28,10790,2776,127,63,880,979,,,,,,,4209,3644,1122,1352,,1442,1054,603,270,,1391,215,1364,,,,,3030,,731000.13,,87200,7525,693079,,1800,2070,,,,,,,1,1,,546524,299229
R_5dN9sLebU6HHH7w,2021,Mebane,"Building Plan Review, Permit, and Inspections",,,,,,,,,,,,,,,,,,,,,,,,,,,,,,,,,,,,,,,,,,,,,,,,,,,,,,,,,,,,,,,,,,,,,,,
R_1k0LIma5Wq0T5Tz,2020,Mebane,"Building Plan Review, Permit, and Inspections",,,,,,,,,,,,,,,,,,,,,,,,,,,,,,,,,,,,,,,,,,,,,,,,,,,,,,,,,,,,,,,,,,,,,,,
R_6MzLRFVfehaMueu,2024,Mebane,"Building Plan Review, Permit, and Inspections",,10,28,28,663,,124,2,5,,59,16,,345,255,181,,150,1459,28,28,2549,525,30,79,273,183,,978,172,,,,939,887,332,324,,496,294,140,94,,345,69,217,69,,,,7869,,215789.56,,20450,2125,300403,,750,,,,,,,,,,,1197111,138359
R_5zkkduy6TcJxdD1,2024,Henderson County,"Building Plan Review, Permit, and Inspections",8055,1628,7,15,,,868,76,571,174,546,130,,,,,,4563,6398,5,8,,,,,,,,,,,,,,,,,,,,,,,,,,,,,,,,,,,,,,,,,,,,,,,,,,
R_68bmUD3hnnC2DlL,2024,Walnut Cove,"Building Plan Review, Permit, and Inspections",6,,,,8,7,2,,6,1,2,,,6,5,6,1,,29,,,,13,,,2,,,2,,,,,,24,24,24,6,2,2,2,,,8,6,3,,,,,,,,,,600,6321.02,,,,,,,,,,,1,2,,
R_3qHWMywXpFAGsmp,2024,Surry County,"Building Plan Review, Permit, and Inspections",0,0,1,2,0,36,0,0,0,0,0,0,0,0,0,0,36,0,50,2,3,0,0,0,0,0,0,0,0,0,0,0,0,0,0,0,0,1426,0,0,0,0,0,0,0,15,491,0,2,2,1000,0,0,0,0,1570,2500,0,0,0,0,0,9540,0,0,3860,3,2,0,0,0
R_1rPGqU1ZoaOHG7L,2024,Havelock,"Building Plan Review, Permit, and Inspections",29,44,7,10,226,,6,2,0,4,15,3,1,202,424,136,3,1907,1980,2,3,372,275,287,45,167,43,17,0,0,659,275,45,979,187,200,95,69,0,0,0,0,0,782,164,287,176,45,45,,11682,0,66017.41,0,0,71,47259.4,0,0,1179,0,0,0,0,0,,1,1,,256399,6435
R_1NR1xKF20lQtUxh,2024,Polk County,"Building Plan Review, Permit, and Inspections",150,6,4,6,380,6,150,6,0,28,221,78,0,335,209,110,0,380,1517,3,5,7373,888,0,391,1804,596,0,3624,451,7373,888,391,3705,996,570,228,10,1722,485,269,150,0,300,8,75,0,4,4,85,6000,0,253763.22,0,2500,300,54269.25,0,0,5200,0,0,0,0,0,0,3,1,1,316812,32799
R_3fet6iB8OkKzUqu,2024,Pinehurst,"Building Plan Review, Permit, and Inspections",453,46,,,,,119,9,0,1,157,29,0,188,847,105,50,,2231,,,2375,227,0,11,1778,490,0,765,59,2375,227,11,8677,,,,,,,,,,,490,,0,0,0,,,,,,,,,,,,,,,,,,3,2,,356714,90741
R_3RhsZGPF75jjxV7,2024,Edgecombe County,"Building Plan Review, Permit, and Inspections",104,0,3,5,1,2,30,0,0,77,0,4,25,345,222,121,0,17,688,3,5,1118,10,52,754,104,3,25,0,0,50,2,754,1118,1014,546,442,2,0,0,0,0,0,2,0,142,10,10,10,,3000,3640,74007,0,1500,1000,2019,0,0,41127,0,0,0,0,0,0,2,1,0,,
R_6gj8d0q1dZkJMlb,2023,Surry County,"Building Plan Review, Permit, and Inspections",12,186,2,10,,,209,56,,94,213,130,,469,635,139,,446,2751,4,12,9054,3018,,940,1704,1040,,,,9054,4058,,,,,,,,,,,,,,,,,,,,,,,,,,,,,,,,,,,,,,,
R_7ysjyi8SthvCP9n,2024,Union County,"Building Plan Review, Permit, and Inspections",0,506,,,,,2608,144,,44,,973,,888,2651,826,66,,,,,,0,,,,,,,,0,0,0,18484,17147,9584,11327,,7111,5393,2720,2594,,,,,,,,,6500,,2935685,,1,,308000,,,,,,5705,,,,17,11,,,
R_6eIY3wpVoLZGGYd,2024,Wake Forest,"Building Plan Review, Permit, and Inspections",2141,218,1,1,2726,339,722,6,73,0,295,90,0,334,833,127,106,468,3054,4.53,10.57,20438,1195,1584,0,2880,1388,0,7637,1430,23311,2579,0,9001,5655,4116,5276,520,4458,1841,1448,1824,127,,,159,,5,0,,12976.07,,820317.46,,206285,24839.5,520153.38,,,0,,,,,17480,,12,7,0,2050334,123514
